,0,1,2,3,4,5
0,2024-06-27T09:15:00+05:30,23881.55,23965.8,23806.1,23945.95,0
1,2024-06-27T10:15:00+05:30,23946.1,23973.9,23834.3,23922.0,0
2,2024-06-27T11:15:00+05:30,23921.5,24005.65,23894.15,24005.35,0
3,2024-06-27T12:15:00+05:30,24006.4,24036.6,23941.5,23961.85,0
4,2024-06-27T13:15:00+05:30,23960.8,23995.35,23929.95,23954.35,0
5,2024-06-27T14:15:00+05:30,23955.35,24047.2,23913.65,24045.6,0
6,2024-06-27T15:15:00+05:30,24045.4,24086.35,24036.1,24036.1,0
7,2024-06-28T09:15:00+05:30,24085.9,24172.45,24062.85,24133.15,0
8,2024-06-28T10:15:00+05:30,24134.05,24151.25,24105.15,24147.8,0
9,2024-06-28T11:15:00+05:30,24147.6,24150.5,24103.7,24110.9,0
10,2024-06-28T12:15:00+05:30,24111.75,24115.0,24009.35,24060.75,0
11,2024-06-28T13:15:00+05:30,24060.95,24135.45,24044.8,24117.2,0
12,2024-06-28T14:15:00+05:30,24117.05,24132.9,23989.2,23989.2,0
13,2024-06-28T15:15:00+05:30,23988.15,24012.95,23986.1,24009.8,0
14,2024-07-01T09:15:00+05:30,23992.95,24095.7,23992.7,24056.95,0
15,2024-07-01T10:15:00+05:30,24056.1,24092.7,24056.05,24078.7,0
16,2024-07-01T11:15:00+05:30,24076.95,24124.1,24072.0,24109.95,0
17,2024-07-01T12:15:00+05:30,24109.8,24127.85,24099.0,24118.55,0
18,2024-07-01T13:15:00+05:30,24119.0,24151.85,24108.25,24141.55,0
19,2024-07-01T14:15:00+05:30,24141.05,24163.35,24120.35,24147.4,0
20,2024-07-01T15:15:00+05:30,24146.85,24153.95,24120.0,24123.15,0
21,2024-07-02T09:15:00+05:30,24228.75,24236.35,24074.0,24130.0,0
22,2024-07-02T10:15:00+05:30,24129.65,24185.05,24121.0,24182.45,0
23,2024-07-02T11:15:00+05:30,24182.2,24190.25,24122.75,24138.0,0
24,2024-07-02T12:15:00+05:30,24137.8,24158.6,24058.2,24104.45,0
25,2024-07-02T13:15:00+05:30,24104.25,24136.9,24092.85,24108.25,0
26,2024-07-02T14:15:00+05:30,24108.2,24150.25,24108.1,24125.05,0
27,2024-07-02T15:15:00+05:30,24125.1,24130.5,24110.6,24117.8,0
28,2024-07-03T09:15:00+05:30,24291.75,24306.35,24207.1,24267.85,0
29,2024-07-03T10:15:00+05:30,24268.85,24293.75,24259.6,24268.4,0
30,2024-07-03T11:15:00+05:30,24268.25,24275.75,24236.25,24252.25,0
31,2024-07-03T12:15:00+05:30,24252.5,24292.15,24251.35,24275.85,0
32,2024-07-03T13:15:00+05:30,24276.4,24293.55,24255.95,24264.55,0
33,2024-07-03T14:15:00+05:30,24265.8,24297.05,24238.75,24296.1,0
34,2024-07-03T15:15:00+05:30,24295.8,24308.45,24283.25,24290.8,0
35,2024-07-04T09:15:00+05:30,24369.95,24400.65,24319.15,24375.05,0
36,2024-07-04T10:15:00+05:30,24373.8,24386.0,24302.4,24334.55,0
37,2024-07-04T11:15:00+05:30,24335.2,24350.5,24323.65,24331.7,0
38,2024-07-04T12:15:00+05:30,24331.5,24357.55,24329.25,24342.0,0
39,2024-07-04T13:15:00+05:30,24342.35,24348.75,24314.2,24340.05,0
40,2024-07-04T14:15:00+05:30,24340.75,24351.3,24281.2,24302.65,0
41,2024-07-04T15:15:00+05:30,24300.35,24310.8,24293.45,24304.65,0
42,2024-07-05T09:15:00+05:30,24213.35,24260.95,24169.45,24226.05,0
43,2024-07-05T10:15:00+05:30,24226.3,24261.1,24214.95,24233.2,0
44,2024-07-05T11:15:00+05:30,24233.75,24283.85,24229.1,24273.1,0
45,2024-07-05T12:15:00+05:30,24272.9,24288.55,24243.9,24253.5,0
46,2024-07-05T13:15:00+05:30,24252.45,24269.7,24235.1,24247.9,0
47,2024-07-05T14:15:00+05:30,24247.35,24353.8,24204.2,24342.05,0
48,2024-07-05T15:15:00+05:30,24342.25,24362.85,24315.75,24316.75,0
49,2024-07-08T09:15:00+05:30,24329.45,24338.5,24262.75,24304.15,0
50,2024-07-08T10:15:00+05:30,24303.9,24329.15,24248.35,24270.05,0
51,2024-07-08T11:15:00+05:30,24270.95,24299.8,24240.8,24252.65,0
52,2024-07-08T12:15:00+05:30,24251.85,24303.95,24244.5,24298.05,0
53,2024-07-08T13:15:00+05:30,24297.25,24311.85,24268.0,24288.9,0
54,2024-07-08T14:15:00+05:30,24287.7,24338.3,24286.65,24311.5,0
55,2024-07-08T15:15:00+05:30,24311.6,24344.25,24301.5,24331.05,0
56,2024-07-09T09:15:00+05:30,24351.0,24385.1,24331.9,24362.95,0
57,2024-07-09T10:15:00+05:30,24362.7,24387.6,24339.95,24382.9,0
58,2024-07-09T11:15:00+05:30,24380.85,24400.2,24375.5,24388.2,0
59,2024-07-09T12:15:00+05:30,24387.65,24429.05,24382.45,24423.0,0
60,2024-07-09T13:15:00+05:30,24423.35,24437.8,24408.4,24431.9,0
61,2024-07-09T14:15:00+05:30,24430.9,24441.35,24407.8,24434.05,0
62,2024-07-09T15:15:00+05:30,24434.1,24443.3,24411.05,24417.25,0
63,2024-07-10T09:15:00+05:30,24459.85,24461.05,24312.65,24330.75,0
64,2024-07-10T10:15:00+05:30,24329.5,24346.85,24142.6,24211.45,0
65,2024-07-10T11:15:00+05:30,24210.95,24287.55,24193.9,24265.1,0
66,2024-07-10T12:15:00+05:30,24265.65,24298.35,24248.45,24279.4,0
67,2024-07-10T13:15:00+05:30,24278.85,24289.05,24212.1,24238.25,0
68,2024-07-10T14:15:00+05:30,24237.95,24336.75,24226.65,24330.85,0
69,2024-07-10T15:15:00+05:30,24331.25,24337.15,24310.9,24312.4,0
70,2024-07-11T09:15:00+05:30,24396.55,24402.65,24274.3,24286.1,0
71,2024-07-11T10:15:00+05:30,24286.05,24288.95,24234.7,24256.2,0
72,2024-07-11T11:15:00+05:30,24256.5,24283.4,24194.5,24264.2,0
73,2024-07-11T12:15:00+05:30,24264.25,24307.8,24259.85,24298.05,0
74,2024-07-11T13:15:00+05:30,24297.35,24327.3,24278.3,24306.8,0
75,2024-07-11T14:15:00+05:30,24306.1,24332.45,24291.45,24328.65,0
76,2024-07-11T15:15:00+05:30,24329.0,24357.0,24318.55,24338.5,0
77,2024-07-12T09:15:00+05:30,24387.95,24440.4,24332.5,24362.9,0
78,2024-07-12T10:15:00+05:30,24362.6,24591.95,24357.15,24538.25,0
79,2024-07-12T11:15:00+05:30,24537.65,24539.35,24473.3,24516.4,0
80,2024-07-12T12:15:00+05:30,24517.8,24523.45,24478.25,24518.5,0
81,2024-07-12T13:15:00+05:30,24518.45,24579.8,24514.05,24574.65,0
82,2024-07-12T14:15:00+05:30,24573.9,24581.05,24490.05,24491.15,0
83,2024-07-12T15:15:00+05:30,24490.0,24516.5,24485.6,24512.4,0
84,2024-07-15T09:15:00+05:30,24587.6,24598.0,24523.7,24562.0,0
85,2024-07-15T10:15:00+05:30,24562.15,24602.55,24545.7,24581.0,0
86,2024-07-15T11:15:00+05:30,24581.75,24611.65,24547.55,24598.9,0
87,2024-07-15T12:15:00+05:30,24599.2,24619.6,24576.1,24614.8,0
88,2024-07-15T13:15:00+05:30,24615.7,24634.85,24589.8,24594.45,0
89,2024-07-15T14:15:00+05:30,24594.35,24619.15,24577.7,24584.5,0
90,2024-07-15T15:15:00+05:30,24583.4,24588.6,24577.95,24588.35,0
91,2024-07-16T09:15:00+05:30,24615.9,24650.05,24599.75,24634.4,0
92,2024-07-16T10:15:00+05:30,24635.35,24661.05,24628.75,24654.05,0
93,2024-07-16T11:15:00+05:30,24654.4,24660.8,24631.6,24640.5,0
94,2024-07-16T12:15:00+05:30,24640.9,24656.65,24620.3,24652.9,0
95,2024-07-16T13:15:00+05:30,24652.0,24654.9,24603.45,24625.1,0
96,2024-07-16T14:15:00+05:30,24625.15,24648.0,24588.3,24604.3,0
97,2024-07-16T15:15:00+05:30,24603.6,24616.2,24593.9,24601.1,0
98,2024-07-18T09:15:00+05:30,24543.8,24678.35,24515.8,24655.5,0
99,2024-07-18T10:15:00+05:30,24654.05,24658.1,24531.5,24537.35,0
100,2024-07-18T11:15:00+05:30,24538.55,24612.1,24505.25,24607.8,0
101,2024-07-18T12:15:00+05:30,24607.0,24714.45,24599.75,24711.6,0
102,2024-07-18T13:15:00+05:30,24716.3,24827.7,24697.9,24819.9,0
103,2024-07-18T14:15:00+05:30,24820.4,24837.5,24774.2,24801.7,0
104,2024-07-18T15:15:00+05:30,24802.05,24810.4,24775.95,24779.35,0
105,2024-07-19T09:15:00+05:30,24853.8,24854.8,24684.2,24685.85,0
106,2024-07-19T10:15:00+05:30,24684.95,24725.7,24644.3,24668.7,0
107,2024-07-19T11:15:00+05:30,24652.9,24675.25,24621.85,24661.75,0
108,2024-07-19T12:15:00+05:30,24661.65,24667.6,24596.45,24612.8,0
109,2024-07-19T13:15:00+05:30,24611.35,24646.15,24554.35,24570.65,0
110,2024-07-19T14:15:00+05:30,24570.25,24588.7,24520.0,24530.4,0
111,2024-07-19T15:15:00+05:30,24531.85,24539.65,24509.25,24525.85,0
112,2024-07-22T09:15:00+05:30,24445.75,24558.0,24363.85,24556.0,0
113,2024-07-22T10:15:00+05:30,24555.65,24594.4,24531.1,24532.05,0
114,2024-07-22T11:15:00+05:30,24531.4,24554.9,24507.35,24522.95,0
115,2024-07-22T12:15:00+05:30,24523.15,24527.9,24465.55,24487.8,0
116,2024-07-22T13:15:00+05:30,24487.3,24541.65,24487.3,24498.25,0
117,2024-07-22T14:15:00+05:30,24498.15,24521.75,24480.8,24515.7,0
118,2024-07-22T15:15:00+05:30,24516.25,24520.95,24504.7,24515.9,0
119,2024-07-23T09:15:00+05:30,24568.9,24582.55,24445.95,24449.15,0
120,2024-07-23T10:15:00+05:30,24449.9,24552.5,24423.9,24542.55,0
121,2024-07-23T11:15:00+05:30,24543.5,24549.8,24381.05,24469.3,0
122,2024-07-23T12:15:00+05:30,24468.65,24474.05,24076.25,24279.65,0
123,2024-07-23T13:15:00+05:30,24280.4,24513.65,24277.3,24459.9,0
124,2024-07-23T14:15:00+05:30,24460.15,24544.7,24427.55,24460.65,0
125,2024-07-23T15:15:00+05:30,24459.45,24479.5,24446.75,24476.4,0
126,2024-07-24T09:15:00+05:30,24444.95,24503.25,24373.9,24441.15,0
127,2024-07-24T10:15:00+05:30,24442.4,24492.1,24397.25,24432.0,0
128,2024-07-24T11:15:00+05:30,24432.35,24445.25,24368.3,24379.85,0
129,2024-07-24T12:15:00+05:30,24378.35,24382.25,24307.95,24362.0,0
130,2024-07-24T13:15:00+05:30,24362.15,24378.1,24310.5,24324.45,0
131,2024-07-24T14:15:00+05:30,24326.3,24453.95,24322.25,24407.4,0
132,2024-07-24T15:15:00+05:30,24407.65,24446.4,24397.75,24441.9,0
133,2024-07-25T09:15:00+05:30,24230.95,24302.75,24212.3,24294.95,0
134,2024-07-25T10:15:00+05:30,24294.8,24331.85,24270.85,24324.2,0
135,2024-07-25T11:15:00+05:30,24324.05,24368.35,24295.1,24362.95,0
136,2024-07-25T12:15:00+05:30,24362.15,24397.15,24354.7,24382.3,0
137,2024-07-25T13:15:00+05:30,24381.8,24425.1,24361.05,24421.35,0
138,2024-07-25T14:15:00+05:30,24422.45,24424.65,24380.1,24397.5,0
139,2024-07-25T15:15:00+05:30,24396.5,24423.15,24388.95,24415.0,0
140,2024-07-26T09:15:00+05:30,24423.35,24592.8,24410.9,24578.7,0
141,2024-07-26T10:15:00+05:30,24578.45,24653.95,24576.25,24644.8,0
142,2024-07-26T11:15:00+05:30,24643.95,24656.65,24623.6,24639.0,0
143,2024-07-26T12:15:00+05:30,24638.95,24780.95,24637.1,24775.55,0
144,2024-07-26T13:15:00+05:30,24777.1,24818.05,24758.2,24797.8,0
145,2024-07-26T14:15:00+05:30,24797.75,24852.3,24759.45,24849.05,0
146,2024-07-26T15:15:00+05:30,24848.0,24860.05,24830.4,24851.75,0
147,2024-07-29T09:15:00+05:30,24943.3,24980.45,24878.35,24878.35,0
148,2024-07-29T10:15:00+05:30,24878.1,24946.05,24866.5,24938.15,0
149,2024-07-29T11:15:00+05:30,24937.85,24998.55,24880.2,24906.55,0
150,2024-07-29T12:15:00+05:30,24905.5,24912.95,24791.8,24833.05,0
151,2024-07-29T13:15:00+05:30,24833.35,24884.85,24797.6,24798.05,0
152,2024-07-29T14:15:00+05:30,24798.0,24865.85,24774.9,24823.3,0
153,2024-07-29T15:15:00+05:30,24823.5,24848.8,24816.6,24840.95,0
154,2024-07-30T09:15:00+05:30,24839.4,24886.7,24798.65,24851.65,0
155,2024-07-30T10:15:00+05:30,24851.55,24939.9,24850.4,24926.7,0
156,2024-07-30T11:15:00+05:30,24926.9,24956.55,24914.85,24936.3,0
157,2024-07-30T12:15:00+05:30,24936.0,24968.75,24921.55,24936.95,0
158,2024-07-30T13:15:00+05:30,24936.3,24944.55,24881.0,24929.15,0
159,2024-07-30T14:15:00+05:30,24930.05,24971.75,24837.7,24847.5,0
160,2024-07-30T15:15:00+05:30,24847.45,24861.75,24832.6,24840.9,0
161,2024-07-31T09:15:00+05:30,24886.7,24945.4,24857.35,24940.1,0
162,2024-07-31T10:15:00+05:30,24938.6,24953.75,24901.45,24923.0,0
163,2024-07-31T11:15:00+05:30,24922.25,24939.0,24898.25,24936.3,0
164,2024-07-31T12:15:00+05:30,24935.45,24949.45,24904.1,24937.05,0
165,2024-07-31T13:15:00+05:30,24934.9,24952.45,24918.55,24926.3,0
166,2024-07-31T14:15:00+05:30,24925.55,24968.6,24922.65,24945.8,0
167,2024-07-31T15:15:00+05:30,24944.45,24983.3,24941.75,24979.3,0
168,2024-08-01T09:15:00+05:30,25030.95,25077.3,25008.8,25037.05,0
169,2024-08-01T10:15:00+05:30,25036.3,25052.15,25004.05,25033.45,0
170,2024-08-01T11:15:00+05:30,25032.85,25033.85,24983.3,24990.55,0
171,2024-08-01T12:15:00+05:30,24992.65,25008.35,24964.5,25000.1,0
172,2024-08-01T13:15:00+05:30,24999.15,25007.15,24972.15,24981.45,0
173,2024-08-01T14:15:00+05:30,24980.7,25020.9,24956.95,25018.7,0
174,2024-08-01T15:15:00+05:30,25018.5,25030.85,24998.4,25006.0,0
175,2024-08-02T09:15:00+05:30,24789.0,24851.45,24725.0,24778.9,0
176,2024-08-02T10:15:00+05:30,24779.45,24823.75,24746.0,24805.05,0
177,2024-08-02T11:15:00+05:30,24803.6,24835.1,24779.9,24788.7,0
178,2024-08-02T12:15:00+05:30,24788.4,24794.9,24754.7,24770.5,0
179,2024-08-02T13:15:00+05:30,24769.25,24808.9,24755.4,24770.55,0
180,2024-08-02T14:15:00+05:30,24771.2,24792.55,24688.3,24727.9,0
181,2024-08-02T15:15:00+05:30,24728.85,24736.7,24696.1,24699.45,0
182,2024-08-05T09:15:00+05:30,24302.85,24350.05,24193.25,24292.15,0
183,2024-08-05T10:15:00+05:30,24290.8,24295.9,24011.7,24020.75,0
184,2024-08-05T11:15:00+05:30,24020.45,24049.25,23895.0,24038.45,0
185,2024-08-05T12:15:00+05:30,24039.35,24056.8,23916.7,24021.6,0
186,2024-08-05T13:15:00+05:30,24021.2,24127.35,23996.1,24085.65,0
187,2024-08-05T14:15:00+05:30,24085.9,24115.0,24014.6,24048.85,0
188,2024-08-05T15:15:00+05:30,24049.65,24066.7,24039.55,24051.8,0
189,2024-08-06T09:15:00+05:30,24189.85,24380.85,24189.5,24282.85,0
190,2024-08-06T10:15:00+05:30,24284.45,24309.9,24131.95,24225.8,0
191,2024-08-06T11:15:00+05:30,24226.6,24260.35,24207.7,24235.55,0
192,2024-08-06T12:15:00+05:30,24235.5,24237.9,24158.3,24163.4,0
193,2024-08-06T13:15:00+05:30,24163.25,24178.25,24012.0,24022.9,0
194,2024-08-06T14:15:00+05:30,24023.15,24077.9,23960.5,23973.55,0
195,2024-08-06T15:15:00+05:30,23974.75,24039.45,23966.05,24033.05,0
196,2024-08-07T09:15:00+05:30,24289.4,24306.2,24185.95,24207.55,0
197,2024-08-07T10:15:00+05:30,24207.05,24337.0,24193.4,24248.6,0
198,2024-08-07T11:15:00+05:30,24247.35,24253.95,24209.7,24224.05,0
199,2024-08-07T12:15:00+05:30,24225.95,24276.8,24208.3,24232.15,0
200,2024-08-07T13:15:00+05:30,24232.9,24246.6,24188.95,24246.0,0
201,2024-08-07T14:15:00+05:30,24246.45,24312.25,24244.45,24309.4,0
202,2024-08-07T15:15:00+05:30,24309.25,24316.9,24295.85,24315.25,0
203,2024-08-08T09:15:00+05:30,24248.55,24262.75,24120.6,24161.15,0
204,2024-08-08T10:15:00+05:30,24161.65,24259.6,24134.4,24186.35,0
205,2024-08-08T11:15:00+05:30,24186.05,24306.6,24167.8,24306.6,0
206,2024-08-08T12:15:00+05:30,24307.25,24339.3,24129.05,24160.35,0
207,2024-08-08T13:15:00+05:30,24159.4,24179.55,24092.5,24154.6,0
208,2024-08-08T14:15:00+05:30,24154.75,24195.8,24113.35,24115.2,0
209,2024-08-08T15:15:00+05:30,24115.55,24117.9,24079.95,24098.7,0
210,2024-08-09T09:15:00+05:30,24386.85,24419.6,24315.9,24356.45,0
211,2024-08-09T10:15:00+05:30,24356.4,24372.35,24312.2,24345.2,0
212,2024-08-09T11:15:00+05:30,24345.65,24374.9,24337.25,24351.75,0
213,2024-08-09T12:15:00+05:30,24352.3,24371.15,24338.1,24351.4,0
214,2024-08-09T13:15:00+05:30,24351.7,24389.6,24348.15,24386.45,0
215,2024-08-09T14:15:00+05:30,24384.7,24389.25,24353.85,24371.05,0
216,2024-08-09T15:15:00+05:30,24373.85,24374.4,24356.95,24364.4,0
217,2024-08-12T09:15:00+05:30,24320.05,24323.7,24212.3,24252.15,0
218,2024-08-12T10:15:00+05:30,24252.8,24435.05,24252.15,24434.8,0
219,2024-08-12T11:15:00+05:30,24434.65,24472.7,24387.25,24388.1,0
220,2024-08-12T12:15:00+05:30,24388.75,24439.1,24380.55,24404.65,0
221,2024-08-12T13:15:00+05:30,24404.4,24444.35,24392.75,24435.3,0
222,2024-08-12T14:15:00+05:30,24434.7,24440.55,24302.4,24345.7,0
223,2024-08-12T15:15:00+05:30,24347.95,24365.35,24340.9,24348.8,0
224,2024-08-13T09:15:00+05:30,24342.35,24359.95,24300.0,24330.1,0
225,2024-08-13T10:15:00+05:30,24329.7,24334.25,24277.75,24313.35,0
226,2024-08-13T11:15:00+05:30,24312.35,24330.15,24268.8,24296.0,0
227,2024-08-13T12:15:00+05:30,24296.65,24297.6,24205.25,24238.1,0
228,2024-08-13T13:15:00+05:30,24237.35,24257.3,24117.2,24152.9,0
229,2024-08-13T14:15:00+05:30,24151.7,24177.95,24121.6,24122.9,0
230,2024-08-13T15:15:00+05:30,24124.15,24144.2,24119.35,24141.2,0
231,2024-08-14T09:15:00+05:30,24184.4,24196.5,24100.15,24147.35,0
232,2024-08-14T10:15:00+05:30,24148.85,24171.35,24118.3,24135.45,0
233,2024-08-14T11:15:00+05:30,24136.75,24166.05,24127.15,24164.85,0
234,2024-08-14T12:15:00+05:30,24164.55,24194.35,24145.45,24178.55,0
235,2024-08-14T13:15:00+05:30,24179.65,24179.85,24145.6,24171.25,0
236,2024-08-14T14:15:00+05:30,24170.25,24177.75,24121.85,24135.55,0
237,2024-08-14T15:15:00+05:30,24134.3,24157.3,24129.65,24144.5,0
238,2024-08-16T09:15:00+05:30,24334.85,24403.25,24275.3,24295.0,0
239,2024-08-16T10:15:00+05:30,24293.7,24306.65,24205.2,24234.35,0
240,2024-08-16T11:15:00+05:30,24233.9,24440.3,24227.85,24419.8,0
241,2024-08-16T12:15:00+05:30,24419.95,24458.95,24389.2,24442.8,0
242,2024-08-16T13:15:00+05:30,24442.4,24517.75,24427.65,24516.0,0
243,2024-08-16T14:15:00+05:30,24514.95,24563.45,24473.25,24554.35,0
244,2024-08-16T15:15:00+05:30,24554.15,24561.3,24537.45,24539.2,0
245,2024-08-19T09:15:00+05:30,24636.35,24638.25,24566.3,24580.45,0
246,2024-08-19T10:15:00+05:30,24579.1,24590.2,24523.55,24543.95,0
247,2024-08-19T11:15:00+05:30,24544.45,24598.0,24542.7,24570.0,0
248,2024-08-19T12:15:00+05:30,24569.7,24592.9,24552.25,24590.45,0
249,2024-08-19T13:15:00+05:30,24590.9,24605.1,24543.85,24572.35,0
250,2024-08-19T14:15:00+05:30,24573.2,24592.35,24562.45,24571.45,0
251,2024-08-19T15:15:00+05:30,24571.25,24590.3,24570.6,24579.0,0
252,2024-08-20T09:15:00+05:30,24648.9,24725.25,24607.5,24722.6,0
253,2024-08-20T10:15:00+05:30,24722.95,24733.95,24674.55,24707.5,0
254,2024-08-20T11:15:00+05:30,24707.55,24719.1,24688.05,24708.95,0
255,2024-08-20T12:15:00+05:30,24707.65,24734.15,24701.55,24727.1,0
256,2024-08-20T13:15:00+05:30,24727.05,24729.1,24702.5,24719.45,0
257,2024-08-20T14:15:00+05:30,24718.8,24729.3,24690.9,24698.1,0
258,2024-08-20T15:15:00+05:30,24697.9,24705.65,24670.85,24672.85,0
259,2024-08-21T09:15:00+05:30,24680.55,24721.0,24654.5,24712.75,0
260,2024-08-21T10:15:00+05:30,24713.35,24753.9,24678.8,24693.5,0
261,2024-08-21T11:15:00+05:30,24693.55,24742.3,24693.2,24724.0,0
262,2024-08-21T12:15:00+05:30,24724.45,24739.1,24716.3,24727.8,0
263,2024-08-21T13:15:00+05:30,24727.7,24744.55,24696.8,24739.85,0
264,2024-08-21T14:15:00+05:30,24740.4,24774.15,24722.75,24767.05,0
265,2024-08-21T15:15:00+05:30,24767.5,24786.2,24763.05,24781.9,0
266,2024-08-22T09:15:00+05:30,24863.4,24867.35,24785.0,24813.75,0
267,2024-08-22T10:15:00+05:30,24814.15,24830.1,24802.45,24824.15,0
268,2024-08-22T11:15:00+05:30,24824.65,24847.8,24817.1,24832.65,0
269,2024-08-22T12:15:00+05:30,24832.7,24836.8,24800.85,24808.15,0
270,2024-08-22T13:15:00+05:30,24808.0,24837.7,24802.85,24832.0,0
271,2024-08-22T14:15:00+05:30,24833.05,24835.25,24796.65,24810.6,0
272,2024-08-22T15:15:00+05:30,24810.85,24822.75,24804.5,24810.9,0
273,2024-08-23T09:15:00+05:30,24845.4,24858.4,24771.8,24801.5,0
274,2024-08-23T10:15:00+05:30,24803.75,24850.65,24797.0,24833.4,0
275,2024-08-23T11:15:00+05:30,24835.1,24853.75,24819.3,24839.4,0
276,2024-08-23T12:15:00+05:30,24838.5,24845.5,24826.35,24839.2,0
277,2024-08-23T13:15:00+05:30,24837.9,24839.5,24818.9,24831.25,0
278,2024-08-23T14:15:00+05:30,24830.9,24848.85,24794.7,24822.7,0
279,2024-08-23T15:15:00+05:30,24822.0,24841.75,24815.05,24831.85,0
280,2024-08-26T09:15:00+05:30,24906.1,25017.2,24874.95,25008.35,0
281,2024-08-26T10:15:00+05:30,25008.4,25043.65,24971.25,24982.35,0
282,2024-08-26T11:15:00+05:30,24982.15,25020.25,24980.0,25001.05,0
283,2024-08-26T12:15:00+05:30,25001.0,25034.75,24995.3,25026.55,0
284,2024-08-26T13:15:00+05:30,25026.0,25030.55,25001.65,25009.75,0
285,2024-08-26T14:15:00+05:30,25010.05,25033.2,25002.8,25007.9,0
286,2024-08-26T15:15:00+05:30,25009.35,25016.75,25004.6,25011.45,0
287,2024-08-27T09:15:00+05:30,25024.8,25043.65,24973.9,25013.55,0
288,2024-08-27T10:15:00+05:30,25014.55,25049.65,24983.5,25037.85,0
289,2024-08-27T11:15:00+05:30,25038.05,25073.05,25033.35,25045.6,0
290,2024-08-27T12:15:00+05:30,25045.7,25060.2,25038.55,25059.05,0
291,2024-08-27T13:15:00+05:30,25059.2,25067.1,25041.3,25052.65,0
292,2024-08-27T14:15:00+05:30,25052.0,25056.2,24998.0,25024.6,0
293,2024-08-27T15:15:00+05:30,25024.25,25027.75,24988.4,24997.05,0
294,2024-08-28T09:15:00+05:30,25030.8,25047.85,24964.85,25010.95,0
295,2024-08-28T10:15:00+05:30,25010.15,25040.0,24993.55,25038.85,0
296,2024-08-28T11:15:00+05:30,25038.55,25113.8,25037.35,25086.8,0
297,2024-08-28T12:15:00+05:30,25086.0,25110.05,25080.8,25101.8,0
298,2024-08-28T13:15:00+05:30,25100.95,25125.7,25090.55,25121.3,0
299,2024-08-28T14:15:00+05:30,25121.1,25128.1,25048.2,25050.45,0
300,2024-08-28T15:15:00+05:30,25049.4,25051.35,25032.1,25044.85,0
301,2024-08-29T09:15:00+05:30,25035.3,25117.6,25017.5,25097.4,0
302,2024-08-29T10:15:00+05:30,25098.0,25115.8,25077.05,25098.05,0
303,2024-08-29T11:15:00+05:30,25097.55,25106.5,25070.15,25088.05,0
304,2024-08-29T12:15:00+05:30,25088.3,25174.0,25084.45,25153.45,0
305,2024-08-29T13:15:00+05:30,25151.3,25166.75,24999.4,25077.05,0
306,2024-08-29T14:15:00+05:30,25078.1,25192.6,25001.65,25130.05,0
307,2024-08-29T15:15:00+05:30,25129.4,25166.7,25117.7,25156.75,0
308,2024-08-30T09:15:00+05:30,25249.7,25257.95,25199.7,25218.85,0
309,2024-08-30T10:15:00+05:30,25219.6,25246.65,25204.2,25239.1,0
310,2024-08-30T11:15:00+05:30,25238.4,25252.6,25217.75,25246.3,0
311,2024-08-30T12:15:00+05:30,25246.05,25258.15,25228.65,25242.25,0
312,2024-08-30T13:15:00+05:30,25242.45,25250.75,25231.15,25246.2,0
313,2024-08-30T14:15:00+05:30,25246.05,25262.15,25206.8,25242.4,0
314,2024-08-30T15:15:00+05:30,25242.95,25265.05,25232.25,25247.0,0
315,2024-09-02T09:15:00+05:30,25333.6,25333.65,25282.25,25305.2,0
316,2024-09-02T10:15:00+05:30,25303.35,25320.4,25291.35,25315.4,0
317,2024-09-02T11:15:00+05:30,25315.8,25322.0,25281.8,25300.5,0
318,2024-09-02T12:15:00+05:30,25301.5,25304.1,25235.55,25255.7,0
319,2024-09-02T13:15:00+05:30,25255.8,25283.65,25244.95,25275.75,0
320,2024-09-02T14:15:00+05:30,25275.4,25290.35,25258.0,25280.1,0
321,2024-09-02T15:15:00+05:30,25279.6,25289.85,25258.6,25273.9,0
322,2024-09-03T09:15:00+05:30,25313.4,25321.7,25241.4,25265.25,0
323,2024-09-03T10:15:00+05:30,25265.3,25274.55,25242.85,25243.85,0
324,2024-09-03T11:15:00+05:30,25242.25,25264.45,25236.45,25259.45,0
325,2024-09-03T12:15:00+05:30,25259.25,25284.65,25249.5,25282.7,0
326,2024-09-03T13:15:00+05:30,25283.75,25298.3,25252.1,25272.05,0
327,2024-09-03T14:15:00+05:30,25272.75,25304.1,25262.95,25276.3,0
328,2024-09-03T15:15:00+05:30,25277.05,25285.3,25260.75,25268.85,0
329,2024-09-04T09:15:00+05:30,25089.95,25158.25,25083.8,25152.45,0
330,2024-09-04T10:15:00+05:30,25152.9,25157.35,25094.65,25128.7,0
331,2024-09-04T11:15:00+05:30,25129.2,25144.2,25118.0,25134.15,0
332,2024-09-04T12:15:00+05:30,25134.45,25154.3,25124.95,25153.2,0
333,2024-09-04T13:15:00+05:30,25153.3,25191.8,25152.5,25163.65,0
334,2024-09-04T14:15:00+05:30,25164.3,25211.1,25145.75,25210.1,0
335,2024-09-04T15:15:00+05:30,25209.6,25215.5,25201.25,25206.35,0
336,2024-09-05T09:15:00+05:30,25250.5,25275.45,25187.55,25207.0,0
337,2024-09-05T10:15:00+05:30,25207.3,25212.8,25152.15,25193.6,0
338,2024-09-05T11:15:00+05:30,25193.35,25198.6,25168.8,25188.9,0
339,2024-09-05T12:15:00+05:30,25188.65,25195.75,25169.9,25172.8,0
340,2024-09-05T13:15:00+05:30,25172.35,25180.9,25161.1,25173.6,0
341,2024-09-05T14:15:00+05:30,25173.15,25177.9,25128.25,25152.7,0
342,2024-09-05T15:15:00+05:30,25150.85,25163.55,25141.25,25144.8,0
343,2024-09-06T09:15:00+05:30,25093.7,25168.4,24879.7,24921.1,0
344,2024-09-06T10:15:00+05:30,24921.9,24950.4,24859.9,24867.0,0
345,2024-09-06T11:15:00+05:30,24866.3,24942.4,24864.15,24936.25,0
346,2024-09-06T12:15:00+05:30,24935.85,24960.55,24842.1,24862.0,0
347,2024-09-06T13:15:00+05:30,24861.75,24893.85,24839.4,24865.6,0
348,2024-09-06T14:15:00+05:30,24865.15,24871.9,24801.3,24853.05,0
349,2024-09-06T15:15:00+05:30,24852.1,24878.2,24846.6,24868.5,0
350,2024-09-09T09:15:00+05:30,24823.4,24867.7,24753.15,24826.5,0
351,2024-09-09T10:15:00+05:30,24826.0,24916.7,24818.3,24894.15,0
352,2024-09-09T11:15:00+05:30,24894.65,24898.4,24846.0,24851.95,0
353,2024-09-09T12:15:00+05:30,24852.05,24884.15,24834.4,24882.15,0
354,2024-09-09T13:15:00+05:30,24881.25,24938.45,24873.35,24893.45,0
355,2024-09-09T14:15:00+05:30,24893.85,24946.85,24867.7,24940.55,0
356,2024-09-09T15:15:00+05:30,24939.75,24957.05,24930.75,24942.25,0
357,2024-09-10T09:15:00+05:30,24999.4,25014.8,24897.5,24915.05,0
358,2024-09-10T10:15:00+05:30,24915.55,24981.55,24908.0,24981.55,0
359,2024-09-10T11:15:00+05:30,24981.9,25041.7,24974.4,25023.0,0
360,2024-09-10T12:15:00+05:30,25024.3,25106.7,25016.05,25098.55,0
361,2024-09-10T13:15:00+05:30,25097.9,25130.45,25089.0,25114.0,0
362,2024-09-10T14:15:00+05:30,25113.9,25122.0,25014.8,25042.95,0
363,2024-09-10T15:15:00+05:30,25042.25,25061.75,25037.9,25052.1,0
364,2024-09-11T09:15:00+05:30,25034.0,25073.4,24981.8,25055.95,0
365,2024-09-11T10:15:00+05:30,25055.7,25091.1,25031.6,25086.05,0
366,2024-09-11T11:15:00+05:30,25086.25,25109.0,25035.4,25093.3,0
367,2024-09-11T12:15:00+05:30,25093.7,25113.55,25045.35,25059.55,0
368,2024-09-11T13:15:00+05:30,25058.95,25068.1,24935.3,24937.55,0
369,2024-09-11T14:15:00+05:30,24937.35,24967.2,24885.55,24900.65,0
370,2024-09-11T15:15:00+05:30,24901.35,24951.8,24900.8,24951.8,0
371,2024-09-12T09:15:00+05:30,25059.65,25072.3,24982.4,25017.2,0
372,2024-09-12T10:15:00+05:30,25019.05,25031.15,24980.55,25008.3,0
373,2024-09-12T11:15:00+05:30,25007.95,25036.8,24942.45,25011.2,0
374,2024-09-12T12:15:00+05:30,25010.3,25019.7,24963.75,24996.35,0
375,2024-09-12T13:15:00+05:30,24994.15,25228.95,24977.1,25204.7,0
376,2024-09-12T14:15:00+05:30,25204.55,25431.6,25203.8,25414.95,0
377,2024-09-12T15:15:00+05:30,25416.7,25417.25,25310.25,25314.95,0
378,2024-09-13T09:15:00+05:30,25430.45,25430.5,25292.6,25326.0,0
379,2024-09-13T10:15:00+05:30,25327.0,25393.8,25325.3,25382.35,0
380,2024-09-13T11:15:00+05:30,25381.9,25384.6,25355.25,25376.55,0
381,2024-09-13T12:15:00+05:30,25375.75,25390.65,25368.45,25385.15,0
382,2024-09-13T13:15:00+05:30,25384.55,25392.05,25346.6,25385.5,0
383,2024-09-13T14:15:00+05:30,25385.15,25388.8,25331.8,25354.45,0
384,2024-09-13T15:15:00+05:30,25354.3,25366.8,25340.9,25343.55,0
385,2024-09-16T09:15:00+05:30,25406.65,25445.25,25366.0,25409.35,0
386,2024-09-16T10:15:00+05:30,25410.0,25420.05,25366.05,25384.15,0
387,2024-09-16T11:15:00+05:30,25385.0,25396.6,25345.8,25353.25,0
388,2024-09-16T12:15:00+05:30,25353.15,25381.6,25337.2,25374.5,0
389,2024-09-16T13:15:00+05:30,25374.6,25422.4,25372.35,25405.1,0
390,2024-09-16T14:15:00+05:30,25405.35,25406.85,25379.3,25386.4,0
391,2024-09-16T15:15:00+05:30,25386.45,25390.3,25375.5,25377.2,0
392,2024-09-17T09:15:00+05:30,25416.9,25416.9,25352.7,25373.9,0
393,2024-09-17T10:15:00+05:30,25374.8,25415.85,25368.1,25401.4,0
394,2024-09-17T11:15:00+05:30,25405.7,25432.5,25399.2,25412.55,0
395,2024-09-17T12:15:00+05:30,25411.85,25436.6,25404.05,25425.7,0
396,2024-09-17T13:15:00+05:30,25424.8,25441.3,25412.6,25426.2,0
397,2024-09-17T14:15:00+05:30,25425.3,25438.35,25408.45,25418.45,0
398,2024-09-17T15:15:00+05:30,25418.8,25421.55,25404.8,25407.15,0
399,2024-09-18T09:15:00+05:30,25402.4,25443.0,25381.65,25413.9,0
400,2024-09-18T10:15:00+05:30,25413.8,25478.35,25408.1,25461.25,0
401,2024-09-18T11:15:00+05:30,25460.35,25472.5,25447.35,25462.7,0
402,2024-09-18T12:15:00+05:30,25461.55,25481.65,25372.8,25374.4,0
403,2024-09-18T13:15:00+05:30,25374.15,25385.25,25285.65,25343.05,0
404,2024-09-18T14:15:00+05:30,25343.3,25409.1,25329.0,25382.35,0
405,2024-09-18T15:15:00+05:30,25381.75,25392.7,25342.35,25343.45,0
406,2024-09-19T09:15:00+05:30,25487.05,25611.1,25481.7,25513.05,0
407,2024-09-19T10:15:00+05:30,25513.0,25530.2,25478.0,25505.8,0
408,2024-09-19T11:15:00+05:30,25506.0,25509.95,25390.65,25442.6,0
409,2024-09-19T12:15:00+05:30,25442.2,25467.65,25395.85,25395.85,0
410,2024-09-19T13:15:00+05:30,25396.35,25426.55,25376.45,25403.1,0
411,2024-09-19T14:15:00+05:30,25400.5,25427.55,25388.6,25426.25,0
412,2024-09-19T15:15:00+05:30,25424.55,25453.7,25406.85,25445.0,0
413,2024-09-20T09:15:00+05:30,25525.95,25609.15,25426.8,25553.55,0
414,2024-09-20T10:15:00+05:30,25554.25,25715.75,25541.65,25702.25,0
415,2024-09-20T11:15:00+05:30,25702.2,25726.6,25666.2,25710.1,0
416,2024-09-20T12:15:00+05:30,25710.4,25804.05,25687.8,25786.05,0
417,2024-09-20T13:15:00+05:30,25784.75,25806.35,25487.35,25674.9,0
418,2024-09-20T14:15:00+05:30,25676.3,25803.5,25593.75,25792.85,0
419,2024-09-20T15:15:00+05:30,25793.65,25843.95,25783.0,25820.35,0
420,2024-09-23T09:15:00+05:30,25872.55,25924.95,25849.5,25897.05,0
421,2024-09-23T10:15:00+05:30,25897.4,25901.65,25859.65,25881.45,0
422,2024-09-23T11:15:00+05:30,25882.1,25886.15,25847.95,25867.25,0
423,2024-09-23T12:15:00+05:30,25866.8,25895.7,25857.1,25883.6,0
424,2024-09-23T13:15:00+05:30,25884.1,25913.6,25880.1,25907.2,0
425,2024-09-23T14:15:00+05:30,25906.9,25955.85,25906.1,25938.75,0
426,2024-09-23T15:15:00+05:30,25940.85,25947.1,25923.35,25930.15,0
427,2024-09-24T09:15:00+05:30,25921.45,25978.65,25886.85,25956.15,0
428,2024-09-24T10:15:00+05:30,25956.3,25981.45,25937.55,25948.95,0
429,2024-09-24T11:15:00+05:30,25948.5,25948.85,25905.75,25921.55,0
430,2024-09-24T12:15:00+05:30,25921.4,25966.75,25920.1,25964.35,0
431,2024-09-24T13:15:00+05:30,25964.6,25984.0,25951.1,25973.4,0
432,2024-09-24T14:15:00+05:30,25973.3,26010.2,25918.65,25944.15,0
433,2024-09-24T15:15:00+05:30,25943.8,25959.15,25939.8,25951.9,0
434,2024-09-25T09:15:00+05:30,25899.45,25952.9,25891.7,25911.25,0
435,2024-09-25T10:15:00+05:30,25911.2,25928.05,25900.9,25914.95,0
436,2024-09-25T11:15:00+05:30,25915.0,25930.9,25871.9,25880.15,0
437,2024-09-25T12:15:00+05:30,25879.2,25899.95,25875.35,25884.6,0
438,2024-09-25T13:15:00+05:30,25884.5,25950.45,25884.4,25945.45,0
439,2024-09-25T14:15:00+05:30,25946.0,26028.65,25923.0,26017.55,0
440,2024-09-25T15:15:00+05:30,26017.3,26031.8,26008.05,26013.5,0
441,2024-09-26T09:15:00+05:30,26005.4,26074.35,25998.4,26063.55,0
442,2024-09-26T10:15:00+05:30,26062.55,26087.35,26048.75,26073.3,0
443,2024-09-26T11:15:00+05:30,26073.5,26097.55,26055.0,26095.6,0
444,2024-09-26T12:15:00+05:30,26095.3,26111.25,26063.6,26091.8,0
445,2024-09-26T13:15:00+05:30,26090.45,26113.7,26034.65,26087.2,0
446,2024-09-26T14:15:00+05:30,26087.05,26249.85,26085.45,26207.55,0
447,2024-09-26T15:15:00+05:30,26206.45,26220.55,26174.1,26184.65,0
448,2024-09-27T09:15:00+05:30,26248.25,26270.3,26208.9,26262.25,0
449,2024-09-27T10:15:00+05:30,26262.2,26277.15,26214.0,26241.0,0
450,2024-09-27T11:15:00+05:30,26241.45,26243.6,26206.95,26236.75,0
451,2024-09-27T12:15:00+05:30,26236.45,26249.4,26179.9,26189.85,0
452,2024-09-27T13:15:00+05:30,26189.8,26230.85,26167.4,26186.8,0
453,2024-09-27T14:15:00+05:30,26185.5,26211.95,26152.45,26195.15,0
454,2024-09-27T15:15:00+05:30,26194.1,26197.0,26157.7,26175.0,0
455,2024-09-30T09:15:00+05:30,26061.3,26134.7,25962.55,25982.55,0
456,2024-09-30T10:15:00+05:30,25983.25,25995.15,25921.55,25928.65,0
457,2024-09-30T11:15:00+05:30,25930.0,25939.3,25882.3,25895.15,0
458,2024-09-30T12:15:00+05:30,25894.8,25909.1,25863.35,25877.1,0
459,2024-09-30T13:15:00+05:30,25877.15,25877.85,25824.95,25829.15,0
460,2024-09-30T14:15:00+05:30,25827.55,25854.9,25796.95,25812.25,0
461,2024-09-30T15:15:00+05:30,25813.0,25829.1,25794.35,25822.8,0
462,2024-10-01T09:15:00+05:30,25788.45,25907.45,25788.05,25824.05,0
463,2024-10-01T10:15:00+05:30,25824.6,25831.8,25739.3,25745.75,0
464,2024-10-01T11:15:00+05:30,25745.45,25837.85,25742.9,25822.95,0
465,2024-10-01T12:15:00+05:30,25822.45,25838.85,25755.1,25793.85,0
466,2024-10-01T13:15:00+05:30,25792.75,25822.6,25781.15,25795.4,0
467,2024-10-01T14:15:00+05:30,25795.05,25819.2,25754.6,25788.05,0
468,2024-10-01T15:15:00+05:30,25788.4,25816.35,25785.35,25812.55,0
469,2024-10-03T09:15:00+05:30,25452.85,25638.65,25451.6,25528.9,0
470,2024-10-03T10:15:00+05:30,25529.35,25545.0,25487.3,25491.95,0
471,2024-10-03T11:15:00+05:30,25491.5,25492.15,25383.3,25391.2,0
472,2024-10-03T12:15:00+05:30,25391.4,25414.3,25345.35,25349.55,0
473,2024-10-03T13:15:00+05:30,25350.35,25351.95,25232.6,25276.55,0
474,2024-10-03T14:15:00+05:30,25275.65,25277.8,25232.4,25258.45,0
475,2024-10-03T15:15:00+05:30,25259.3,25274.1,25245.85,25266.0,0
476,2024-10-04T09:15:00+05:30,25181.9,25293.6,25094.85,25213.7,0
477,2024-10-04T10:15:00+05:30,25212.0,25359.4,25175.45,25332.6,0
478,2024-10-04T11:15:00+05:30,25332.0,25471.0,25278.9,25468.85,0
479,2024-10-04T12:15:00+05:30,25468.15,25484.75,25078.25,25114.4,0
480,2024-10-04T13:15:00+05:30,25112.7,25122.45,25022.75,25045.4,0
481,2024-10-04T14:15:00+05:30,25045.65,25064.35,24966.85,25020.95,0
482,2024-10-04T15:15:00+05:30,25021.45,25049.65,25016.85,25049.1,0
483,2024-10-07T09:15:00+05:30,25084.1,25142.75,25019.35,25058.8,0
484,2024-10-07T10:15:00+05:30,25059.45,25079.75,24799.0,24889.7,0
485,2024-10-07T11:15:00+05:30,24888.85,25005.9,24880.55,24925.45,0
486,2024-10-07T12:15:00+05:30,24924.75,24960.05,24770.95,24793.85,0
487,2024-10-07T13:15:00+05:30,24796.95,24835.6,24694.85,24763.1,0
488,2024-10-07T14:15:00+05:30,24761.55,24923.2,24718.85,24778.15,0
489,2024-10-07T15:15:00+05:30,24779.45,24832.4,24775.2,24819.0,0
490,2024-10-08T09:15:00+05:30,24832.2,24900.7,24757.4,24827.85,0
491,2024-10-08T10:15:00+05:30,24828.3,24959.65,24805.65,24937.9,0
492,2024-10-08T11:15:00+05:30,24938.95,24988.9,24896.25,24930.3,0
493,2024-10-08T12:15:00+05:30,24930.15,24985.15,24885.95,24975.15,0
494,2024-10-08T13:15:00+05:30,24974.55,25042.1,24939.95,25036.25,0
495,2024-10-08T14:15:00+05:30,25036.85,25043.85,24925.1,25010.95,0
496,2024-10-08T15:15:00+05:30,25010.7,25042.3,25009.55,25039.5,0
497,2024-10-09T09:15:00+05:30,25065.8,25189.85,25033.15,25171.0,0
498,2024-10-09T10:15:00+05:30,25170.5,25221.35,25109.5,25215.6,0
499,2024-10-09T11:15:00+05:30,25214.9,25234.0,25096.45,25117.75,0
500,2024-10-09T12:15:00+05:30,25118.95,25159.75,25102.15,25104.35,0
501,2024-10-09T13:15:00+05:30,25103.0,25141.15,25062.3,25109.55,0
502,2024-10-09T14:15:00+05:30,25108.95,25109.9,24947.9,24971.15,0
503,2024-10-09T15:15:00+05:30,24971.6,25020.6,24971.0,25019.55,0
504,2024-10-10T09:15:00+05:30,25067.05,25129.8,24996.95,25116.95,0
505,2024-10-10T10:15:00+05:30,25115.95,25134.0,25022.4,25025.05,0
506,2024-10-10T11:15:00+05:30,25024.75,25050.6,24990.95,25032.5,0
507,2024-10-10T12:15:00+05:30,25032.7,25051.1,25005.75,25035.4,0
508,2024-10-10T13:15:00+05:30,25035.15,25053.8,25006.55,25021.3,0
509,2024-10-10T14:15:00+05:30,25020.2,25037.55,24982.4,24998.55,0
510,2024-10-10T15:15:00+05:30,24998.2,25019.6,24979.5,25007.55,0
511,2024-10-11T09:15:00+05:30,24985.3,25028.3,24934.6,25022.25,0
512,2024-10-11T10:15:00+05:30,25022.3,25024.35,24931.6,24952.5,0
513,2024-10-11T11:15:00+05:30,24953.15,24961.05,24920.6,24945.55,0
514,2024-10-11T12:15:00+05:30,24945.45,24969.1,24936.9,24961.3,0
515,2024-10-11T13:15:00+05:30,24961.4,24979.9,24949.3,24953.35,0
516,2024-10-11T14:15:00+05:30,24952.85,24975.45,24942.35,24962.75,0
517,2024-10-11T15:15:00+05:30,24961.7,24979.3,24958.25,24975.05,0
518,2024-10-14T09:15:00+05:30,25023.45,25131.8,25017.5,25100.15,0
519,2024-10-14T10:15:00+05:30,25100.4,25118.4,25073.85,25101.5,0
520,2024-10-14T11:15:00+05:30,25102.35,25159.6,25100.35,25154.6,0
521,2024-10-14T12:15:00+05:30,25154.85,25157.6,25102.25,25105.45,0
522,2024-10-14T13:15:00+05:30,25105.6,25141.2,25097.4,25133.5,0
523,2024-10-14T14:15:00+05:30,25132.85,25146.3,25110.1,25123.2,0
524,2024-10-14T15:15:00+05:30,25122.65,25148.1,25120.55,25142.3,0
525,2024-10-15T09:15:00+05:30,25186.3,25212.05,25042.2,25055.3,0
526,2024-10-15T10:15:00+05:30,25055.65,25097.65,25014.4,25072.5,0
527,2024-10-15T11:15:00+05:30,25072.65,25089.95,25037.6,25072.15,0
528,2024-10-15T12:15:00+05:30,25072.2,25077.5,25008.85,25025.35,0
529,2024-10-15T13:15:00+05:30,25025.3,25072.2,25022.6,25046.9,0
530,2024-10-15T14:15:00+05:30,25046.1,25069.7,25022.15,25052.65,0
531,2024-10-15T15:15:00+05:30,25052.85,25079.1,25050.65,25065.15,0
532,2024-10-16T09:15:00+05:30,25008.55,25093.25,24994.65,25059.5,0
533,2024-10-16T10:15:00+05:30,25059.9,25073.85,25009.15,25015.1,0
534,2024-10-16T11:15:00+05:30,25014.2,25016.5,24908.95,24948.05,0
535,2024-10-16T12:15:00+05:30,24947.45,24986.3,24933.55,24983.35,0
536,2024-10-16T13:15:00+05:30,24983.9,25024.05,24962.05,25014.1,0
537,2024-10-16T14:15:00+05:30,25013.15,25059.85,24964.85,24968.2,0
538,2024-10-16T15:15:00+05:30,24967.7,24968.7,24951.0,24959.9,0
539,2024-10-17T09:15:00+05:30,25027.4,25029.5,24802.45,24831.95,0
540,2024-10-17T10:15:00+05:30,24832.1,24860.65,24790.7,24790.95,0
541,2024-10-17T11:15:00+05:30,24791.55,24813.9,24769.95,24778.45,0
542,2024-10-17T12:15:00+05:30,24779.7,24798.5,24756.15,24786.75,0
543,2024-10-17T13:15:00+05:30,24786.45,24790.95,24737.15,24741.9,0
544,2024-10-17T14:15:00+05:30,24741.35,24770.05,24730.0,24759.35,0
545,2024-10-17T15:15:00+05:30,24760.1,24766.5,24737.35,24750.2,0
546,2024-10-18T09:15:00+05:30,24664.95,24705.3,24568.3,24671.2,0
547,2024-10-18T10:15:00+05:30,24671.45,24753.45,24660.25,24719.35,0
548,2024-10-18T11:15:00+05:30,24719.6,24815.75,24689.7,24785.5,0
549,2024-10-18T12:15:00+05:30,24785.85,24868.8,24784.25,24820.9,0
550,2024-10-18T13:15:00+05:30,24819.8,24885.35,24818.55,24871.0,0
551,2024-10-18T14:15:00+05:30,24871.1,24885.85,24833.55,24842.85,0
552,2024-10-18T15:15:00+05:30,24842.35,24876.4,24837.95,24862.65,0
553,2024-10-21T09:15:00+05:30,24956.15,24976.4,24679.7,24804.05,0
554,2024-10-21T10:15:00+05:30,24806.1,24843.35,24779.9,24808.6,0
555,2024-10-21T11:15:00+05:30,24808.65,24814.6,24720.8,24720.95,0
556,2024-10-21T12:15:00+05:30,24720.35,24762.25,24710.95,24751.7,0
557,2024-10-21T13:15:00+05:30,24751.4,24878.9,24751.3,24819.7,0
558,2024-10-21T14:15:00+05:30,24820.3,24870.0,24768.55,24791.25,0
559,2024-10-21T15:15:00+05:30,24790.9,24791.8,24736.05,24739.45,0
560,2024-10-22T09:15:00+05:30,24798.65,24881.75,24751.0,24757.85,0
561,2024-10-22T10:15:00+05:30,24757.05,24769.5,24637.0,24729.7,0
562,2024-10-22T11:15:00+05:30,24729.2,24734.35,24627.7,24653.7,0
563,2024-10-22T12:15:00+05:30,24653.15,24702.0,24588.6,24621.6,0
564,2024-10-22T13:15:00+05:30,24621.9,24632.75,24570.4,24632.55,0
565,2024-10-22T14:15:00+05:30,24633.0,24633.45,24446.55,24449.35,0
566,2024-10-22T15:15:00+05:30,24448.1,24486.6,24447.85,24481.75,0
567,2024-10-23T09:15:00+05:30,24378.15,24538.85,24378.1,24516.3,0
568,2024-10-23T10:15:00+05:30,24517.3,24596.8,24455.0,24557.75,0
569,2024-10-23T11:15:00+05:30,24557.25,24603.95,24529.2,24539.35,0
570,2024-10-23T12:15:00+05:30,24539.8,24584.1,24502.8,24547.2,0
571,2024-10-23T13:15:00+05:30,24547.35,24566.85,24481.75,24485.4,0
572,2024-10-23T14:15:00+05:30,24487.05,24488.65,24422.4,24427.2,0
573,2024-10-23T15:15:00+05:30,24426.8,24441.0,24417.1,24436.0,0
574,2024-10-24T09:15:00+05:30,24412.7,24480.65,24342.1,24445.7,0
575,2024-10-24T10:15:00+05:30,24446.0,24451.65,24394.8,24398.0,0
576,2024-10-24T11:15:00+05:30,24398.35,24421.2,24392.45,24402.8,0
577,2024-10-24T12:15:00+05:30,24402.75,24417.65,24391.85,24395.25,0
578,2024-10-24T13:15:00+05:30,24395.3,24406.75,24381.85,24386.3,0
579,2024-10-24T14:15:00+05:30,24386.1,24419.05,24367.8,24398.6,0
580,2024-10-24T15:15:00+05:30,24398.55,24417.65,24395.8,24414.6,0
581,2024-10-25T09:15:00+05:30,24418.05,24440.0,24234.4,24238.85,0
582,2024-10-25T10:15:00+05:30,24237.8,24268.7,24113.3,24170.0,0
583,2024-10-25T11:15:00+05:30,24170.75,24213.75,24123.8,24137.75,0
584,2024-10-25T12:15:00+05:30,24137.05,24148.25,24094.55,24126.55,0
585,2024-10-25T13:15:00+05:30,24126.1,24134.2,24093.3,24101.6,0
586,2024-10-25T14:15:00+05:30,24101.9,24179.4,24073.95,24172.4,0
587,2024-10-25T15:15:00+05:30,24173.15,24225.55,24171.4,24211.8,0
588,2024-10-28T09:15:00+05:30,24251.1,24300.1,24135.3,24291.8,0
589,2024-10-28T10:15:00+05:30,24292.65,24439.95,24292.4,24399.35,0
590,2024-10-28T11:15:00+05:30,24399.6,24481.0,24389.75,24480.5,0
591,2024-10-28T12:15:00+05:30,24480.3,24492.6,24396.0,24421.55,0
592,2024-10-28T13:15:00+05:30,24423.55,24459.3,24367.4,24382.4,0
593,2024-10-28T14:15:00+05:30,24381.9,24423.45,24305.75,24343.9,0
594,2024-10-28T15:15:00+05:30,24344.4,24368.75,24330.4,24367.7,0
595,2024-10-29T09:15:00+05:30,24328.85,24378.65,24158.7,24225.15,0
596,2024-10-29T10:15:00+05:30,24226.1,24242.5,24140.95,24192.15,0
597,2024-10-29T11:15:00+05:30,24194.4,24294.55,24177.95,24293.75,0
598,2024-10-29T12:15:00+05:30,24293.6,24346.8,24270.75,24323.3,0
599,2024-10-29T13:15:00+05:30,24325.4,24418.15,24269.1,24417.5,0
600,2024-10-29T14:15:00+05:30,24417.0,24484.1,24389.65,24474.25,0
601,2024-10-29T15:15:00+05:30,24473.95,24476.3,24451.85,24454.0,0
602,2024-10-30T09:15:00+05:30,24371.45,24436.45,24340.45,24418.25,0
603,2024-10-30T10:15:00+05:30,24418.2,24448.65,24380.6,24437.15,0
604,2024-10-30T11:15:00+05:30,24437.55,24466.85,24414.4,24439.5,0
605,2024-10-30T12:15:00+05:30,24439.4,24498.15,24415.45,24429.1,0
606,2024-10-30T13:15:00+05:30,24427.95,24430.75,24321.6,24324.1,0
607,2024-10-30T14:15:00+05:30,24323.0,24369.15,24307.6,24334.2,0
608,2024-10-30T15:15:00+05:30,24336.2,24359.15,24328.0,24350.3,0
609,2024-10-31T09:15:00+05:30,24349.85,24372.45,24234.95,24274.05,0
610,2024-10-31T10:15:00+05:30,24274.7,24274.7,24235.2,24253.15,0
611,2024-10-31T11:15:00+05:30,24252.65,24264.05,24232.25,24236.8,0
612,2024-10-31T12:15:00+05:30,24236.6,24237.0,24191.65,24214.35,0
613,2024-10-31T13:15:00+05:30,24214.55,24235.2,24181.9,24187.1,0
614,2024-10-31T14:15:00+05:30,24186.5,24225.25,24173.75,24210.7,0
615,2024-10-31T15:15:00+05:30,24208.95,24241.75,24189.5,24238.5,0
616,2024-11-01T18:00:00+05:30,24293.45,24367.05,24282.75,24300.55,0
617,2024-11-04T09:15:00+05:30,24315.75,24316.75,23949.75,23972.3,0
618,2024-11-04T10:15:00+05:30,23971.95,23996.15,23824.6,23847.25,0
619,2024-11-04T11:15:00+05:30,23846.9,23951.0,23816.6,23923.65,0
620,2024-11-04T12:15:00+05:30,23920.1,23940.3,23854.9,23905.7,0
621,2024-11-04T13:15:00+05:30,23905.6,23945.4,23866.45,23936.6,0
622,2024-11-04T14:15:00+05:30,23935.05,24008.85,23918.8,23997.1,0
623,2024-11-04T15:15:00+05:30,23997.25,24011.45,23980.8,23990.95,0
624,2024-11-05T09:15:00+05:30,23916.5,24026.1,23908.65,23969.95,0
625,2024-11-05T10:15:00+05:30,23970.0,24036.3,23938.85,23981.95,0
626,2024-11-05T11:15:00+05:30,23981.05,23992.85,23843.1,23874.5,0
627,2024-11-05T12:15:00+05:30,23873.15,23951.3,23848.45,23915.05,0
628,2024-11-05T13:15:00+05:30,23915.85,24170.3,23897.25,24164.1,0
629,2024-11-05T14:15:00+05:30,24165.45,24228.95,24157.75,24207.7,0
630,2024-11-05T15:15:00+05:30,24207.4,24220.2,24189.3,24198.15,0
631,2024-11-06T09:15:00+05:30,24308.75,24414.9,24204.5,24379.25,0
632,2024-11-06T10:15:00+05:30,24379.9,24390.55,24281.25,24369.05,0
633,2024-11-06T11:15:00+05:30,24367.0,24442.6,24353.45,24423.25,0
634,2024-11-06T12:15:00+05:30,24422.45,24466.9,24399.1,24457.25,0
635,2024-11-06T13:15:00+05:30,24456.65,24495.6,24436.35,24484.7,0
636,2024-11-06T14:15:00+05:30,24484.15,24536.95,24447.65,24471.65,0
637,2024-11-06T15:15:00+05:30,24470.95,24500.25,24470.9,24493.9,0
638,2024-11-07T09:15:00+05:30,24489.6,24503.35,24202.6,24221.75,0
639,2024-11-07T10:15:00+05:30,24222.45,24260.35,24182.1,24233.2,0
640,2024-11-07T11:15:00+05:30,24232.65,24232.95,24183.3,24198.85,0
641,2024-11-07T12:15:00+05:30,24199.35,24239.05,24193.2,24220.85,0
642,2024-11-07T13:15:00+05:30,24221.5,24222.45,24180.05,24215.4,0
643,2024-11-07T14:15:00+05:30,24216.0,24217.85,24180.4,24198.75,0
644,2024-11-07T15:15:00+05:30,24198.55,24211.65,24189.75,24194.6,0
645,2024-11-08T09:15:00+05:30,24207.7,24275.2,24067.45,24201.8,0
646,2024-11-08T10:15:00+05:30,24202.35,24215.7,24152.2,24168.95,0
647,2024-11-08T11:15:00+05:30,24169.0,24173.75,24105.75,24119.45,0
648,2024-11-08T12:15:00+05:30,24118.6,24172.2,24114.95,24169.1,0
649,2024-11-08T13:15:00+05:30,24169.35,24183.65,24130.65,24136.75,0
650,2024-11-08T14:15:00+05:30,24136.6,24172.3,24125.0,24156.05,0
651,2024-11-08T15:15:00+05:30,24156.6,24160.05,24104.7,24110.35,0
652,2024-11-11T09:15:00+05:30,24087.25,24178.5,24005.5,24123.15,0
653,2024-11-11T10:15:00+05:30,24122.95,24312.05,24111.8,24309.65,0
654,2024-11-11T11:15:00+05:30,24309.35,24336.55,24235.0,24253.6,0
655,2024-11-11T12:15:00+05:30,24253.7,24262.15,24202.15,24222.6,0
656,2024-11-11T13:15:00+05:30,24223.15,24229.2,24107.15,24107.5,0
657,2024-11-11T14:15:00+05:30,24107.45,24204.0,24080.6,24158.3,0
658,2024-11-11T15:15:00+05:30,24160.95,24162.8,24118.0,24122.1,0
659,2024-11-12T09:15:00+05:30,24225.8,24242.0,24120.55,24164.35,0
660,2024-11-12T10:15:00+05:30,24164.6,24201.8,24104.55,24140.5,0
661,2024-11-12T11:15:00+05:30,24139.9,24160.95,24100.4,24110.9,0
662,2024-11-12T12:15:00+05:30,24110.4,24129.15,23981.7,23993.9,0
663,2024-11-12T13:15:00+05:30,23994.0,23994.05,23912.7,23944.05,0
664,2024-11-12T14:15:00+05:30,23943.15,23992.55,23866.75,23870.8,0
665,2024-11-12T15:15:00+05:30,23870.65,23883.95,23839.6,23842.95,0
666,2024-11-13T09:15:00+05:30,23822.45,23873.6,23689.45,23694.55,0
667,2024-11-13T10:15:00+05:30,23695.35,23782.25,23679.35,23710.3,0
668,2024-11-13T11:15:00+05:30,23709.9,23727.8,23680.25,23684.2,0
669,2024-11-13T12:15:00+05:30,23684.9,23717.55,23632.05,23673.55,0
670,2024-11-13T13:15:00+05:30,23674.45,23722.3,23636.1,23656.15,0
671,2024-11-13T14:15:00+05:30,23656.65,23658.9,23509.6,23543.8,0
672,2024-11-13T15:15:00+05:30,23544.95,23618.85,23544.95,23602.9,0
673,2024-11-14T09:15:00+05:30,23542.15,23675.9,23500.65,23616.9,0
674,2024-11-14T10:15:00+05:30,23617.75,23621.65,23486.1,23490.9,0
675,2024-11-14T11:15:00+05:30,23492.0,23568.65,23490.25,23562.9,0
676,2024-11-14T12:15:00+05:30,23562.7,23563.85,23513.15,23549.95,0
677,2024-11-14T13:15:00+05:30,23550.3,23570.8,23516.1,23548.65,0
678,2024-11-14T14:15:00+05:30,23548.75,23550.55,23484.15,23540.15,0
679,2024-11-14T15:15:00+05:30,23541.3,23562.65,23534.15,23559.6,0
680,2024-11-18T09:15:00+05:30,23605.3,23606.8,23362.35,23450.0,0
681,2024-11-18T10:15:00+05:30,23449.6,23460.6,23350.4,23380.65,0
682,2024-11-18T11:15:00+05:30,23381.6,23485.05,23379.4,23477.55,0
683,2024-11-18T12:15:00+05:30,23477.65,23565.25,23463.1,23492.15,0
684,2024-11-18T13:15:00+05:30,23491.05,23505.3,23443.75,23484.7,0
685,2024-11-18T14:15:00+05:30,23484.5,23486.2,23412.55,23453.55,0
686,2024-11-18T15:15:00+05:30,23453.3,23474.85,23447.95,23465.3,0
687,2024-11-19T09:15:00+05:30,23529.55,23709.6,23517.1,23691.85,0
688,2024-11-19T10:15:00+05:30,23691.9,23750.0,23682.45,23736.25,0
689,2024-11-19T11:15:00+05:30,23736.75,23780.65,23725.75,23749.35,0
690,2024-11-19T12:15:00+05:30,23749.4,23765.45,23724.2,23760.0,0
691,2024-11-19T13:15:00+05:30,23761.0,23771.7,23701.85,23707.35,0
692,2024-11-19T14:15:00+05:30,23707.2,23727.0,23486.2,23492.55,0
693,2024-11-19T15:15:00+05:30,23492.65,23518.3,23464.8,23468.7,0
694,2024-11-21T09:15:00+05:30,23488.45,23507.3,23263.15,23308.75,0
695,2024-11-21T10:15:00+05:30,23308.4,23350.6,23296.35,23335.55,0
696,2024-11-21T11:15:00+05:30,23334.3,23369.1,23327.6,23350.75,0
697,2024-11-21T12:15:00+05:30,23350.95,23356.8,23307.2,23341.3,0
698,2024-11-21T13:15:00+05:30,23340.45,23360.4,23333.4,23337.4,0
699,2024-11-21T14:15:00+05:30,23336.65,23366.75,23319.15,23355.75,0
700,2024-11-21T15:15:00+05:30,23354.95,23367.5,23339.75,23346.75,0
701,2024-11-22T09:15:00+05:30,23411.8,23608.95,23359.0,23575.5,0
702,2024-11-22T10:15:00+05:30,23576.15,23589.25,23447.15,23537.5,0
703,2024-11-22T11:15:00+05:30,23535.7,23657.0,23497.4,23635.1,0
704,2024-11-22T12:15:00+05:30,23633.8,23724.1,23607.75,23701.2,0
705,2024-11-22T13:15:00+05:30,23700.05,23870.55,23661.75,23844.95,0
706,2024-11-22T14:15:00+05:30,23844.8,23956.1,23800.75,23920.1,0
707,2024-11-22T15:15:00+05:30,23919.55,23919.55,23854.9,23873.5,0
708,2024-11-25T09:15:00+05:30,24253.55,24330.7,24212.25,24261.75,0
709,2024-11-25T10:15:00+05:30,24261.45,24347.7,24259.0,24334.95,0
710,2024-11-25T11:15:00+05:30,24335.15,24351.55,24262.8,24303.7,0
711,2024-11-25T12:15:00+05:30,24303.25,24308.2,24135.45,24179.65,0
712,2024-11-25T13:15:00+05:30,24180.2,24225.5,24161.6,24203.5,0
713,2024-11-25T14:15:00+05:30,24203.7,24267.8,24170.55,24222.25,0
714,2024-11-25T15:15:00+05:30,24221.9,24260.9,24218.5,24250.8,0
715,2024-11-26T09:15:00+05:30,24343.3,24343.3,24207.0,24236.45,0
716,2024-11-26T10:15:00+05:30,24235.4,24238.8,24160.05,24211.1,0
717,2024-11-26T11:15:00+05:30,24211.35,24236.8,24174.05,24187.4,0
718,2024-11-26T12:15:00+05:30,24187.8,24191.65,24137.55,24161.35,0
719,2024-11-26T13:15:00+05:30,24162.15,24203.15,24125.4,24183.2,0
720,2024-11-26T14:15:00+05:30,24183.15,24240.1,24174.45,24203.85,0
721,2024-11-26T15:15:00+05:30,24203.65,24204.9,24183.25,24192.95,0
722,2024-11-27T09:15:00+05:30,24204.8,24268.85,24145.65,24202.75,0
723,2024-11-27T10:15:00+05:30,24202.35,24209.25,24171.25,24195.15,0
724,2024-11-27T11:15:00+05:30,24194.7,24218.85,24161.7,24197.85,0
725,2024-11-27T12:15:00+05:30,24197.8,24328.7,24197.8,24321.45,0
726,2024-11-27T13:15:00+05:30,24321.4,24354.55,24285.6,24287.85,0
727,2024-11-27T14:15:00+05:30,24286.5,24310.5,24257.6,24274.1,0
728,2024-11-27T15:15:00+05:30,24273.2,24281.55,24267.1,24277.35,0
729,2024-11-28T09:15:00+05:30,24274.15,24345.75,24254.35,24327.8,0
730,2024-11-28T10:15:00+05:30,24328.3,24333.65,24054.55,24087.9,0
731,2024-11-28T11:15:00+05:30,24088.4,24125.2,24037.1,24079.75,0
732,2024-11-28T12:15:00+05:30,24078.55,24096.15,23969.65,23979.35,0
733,2024-11-28T13:15:00+05:30,23979.2,24074.85,23873.35,23958.9,0
734,2024-11-28T14:15:00+05:30,23962.15,24009.35,23884.2,23915.6,0
735,2024-11-28T15:15:00+05:30,23915.35,23959.45,23913.4,23957.45,0
736,2024-11-29T09:15:00+05:30,23927.15,24072.15,23927.15,23969.0,0
737,2024-11-29T10:15:00+05:30,23970.1,24144.45,23962.85,24120.9,0
738,2024-11-29T11:15:00+05:30,24120.6,24143.05,24074.35,24120.2,0
739,2024-11-29T12:15:00+05:30,24120.25,24131.95,24089.4,24118.3,0
740,2024-11-29T13:15:00+05:30,24119.2,24157.45,24105.15,24107.5,0
741,2024-11-29T14:15:00+05:30,24107.55,24188.45,24096.25,24127.25,0
742,2024-11-29T15:15:00+05:30,24127.3,24144.8,24111.95,24123.65,0
743,2024-12-02T09:15:00+05:30,24140.85,24154.65,24008.65,24118.35,0
744,2024-12-02T10:15:00+05:30,24117.7,24182.6,24098.2,24130.8,0
745,2024-12-02T11:15:00+05:30,24130.5,24169.6,24122.9,24140.6,0
746,2024-12-02T12:15:00+05:30,24140.8,24190.35,24138.3,24162.2,0
747,2024-12-02T13:15:00+05:30,24162.05,24262.2,24139.65,24249.0,0
748,2024-12-02T14:15:00+05:30,24248.85,24301.7,24246.1,24275.55,0
749,2024-12-02T15:15:00+05:30,24274.65,24280.1,24259.0,24275.25,0
750,2024-12-03T09:15:00+05:30,24367.5,24377.9,24280.0,24336.95,0
751,2024-12-03T10:15:00+05:30,24336.8,24425.7,24335.3,24416.75,0
752,2024-12-03T11:15:00+05:30,24416.95,24445.8,24400.45,24419.75,0
753,2024-12-03T12:15:00+05:30,24418.95,24442.15,24382.65,24412.15,0
754,2024-12-03T13:15:00+05:30,24412.65,24475.0,24401.1,24461.75,0
755,2024-12-03T14:15:00+05:30,24462.15,24481.35,24439.85,24461.35,0
756,2024-12-03T15:15:00+05:30,24462.45,24466.1,24432.75,24445.85,0
757,2024-12-04T09:15:00+05:30,24488.75,24573.2,24446.85,24542.85,0
758,2024-12-04T10:15:00+05:30,24542.45,24556.2,24508.75,24529.55,0
759,2024-12-04T11:15:00+05:30,24529.45,24552.9,24366.3,24449.7,0
760,2024-12-04T12:15:00+05:30,24450.0,24497.5,24432.1,24481.2,0
761,2024-12-04T13:15:00+05:30,24482.85,24541.85,24462.05,24532.4,0
762,2024-12-04T14:15:00+05:30,24532.6,24536.3,24417.25,24467.95,0
763,2024-12-04T15:15:00+05:30,24467.9,24482.4,24456.45,24461.55,0
764,2024-12-05T09:15:00+05:30,24539.15,24539.95,24396.2,24400.1,0
765,2024-12-05T10:15:00+05:30,24400.35,24441.75,24295.55,24368.05,0
766,2024-12-05T11:15:00+05:30,24367.6,24604.9,24330.1,24589.9,0
767,2024-12-05T12:15:00+05:30,24589.7,24648.6,24560.75,24631.1,0
768,2024-12-05T13:15:00+05:30,24633.85,24762.7,24570.75,24736.8,0
769,2024-12-05T14:15:00+05:30,24736.55,24857.75,24495.05,24751.0,0
770,2024-12-05T15:15:00+05:30,24749.9,24759.9,24694.3,24701.55,0
771,2024-12-06T09:15:00+05:30,24729.45,24751.05,24625.25,24650.85,0
772,2024-12-06T10:15:00+05:30,24650.0,24748.0,24620.5,24707.35,0
773,2024-12-06T11:15:00+05:30,24708.5,24716.55,24667.95,24701.9,0
774,2024-12-06T12:15:00+05:30,24701.6,24722.95,24681.7,24708.05,0
775,2024-12-06T13:15:00+05:30,24707.65,24715.15,24669.3,24692.85,0
776,2024-12-06T14:15:00+05:30,24691.9,24699.05,24658.25,24685.9,0
777,2024-12-06T15:15:00+05:30,24686.5,24692.6,24661.55,24669.0,0
778,2024-12-09T09:15:00+05:30,24633.9,24705.0,24584.9,24584.95,0
779,2024-12-09T10:15:00+05:30,24585.95,24646.05,24580.05,24636.05,0
780,2024-12-09T11:15:00+05:30,24635.65,24689.4,24630.25,24659.2,0
781,2024-12-09T12:15:00+05:30,24659.1,24670.55,24618.45,24650.45,0
782,2024-12-09T13:15:00+05:30,24650.8,24663.0,24606.1,24615.5,0
783,2024-12-09T14:15:00+05:30,24615.7,24645.25,24595.1,24609.35,0
784,2024-12-09T15:15:00+05:30,24609.6,24635.25,24607.8,24626.6,0
785,2024-12-10T09:15:00+05:30,24652.65,24677.8,24593.25,24656.7,0
786,2024-12-10T10:15:00+05:30,24656.35,24665.65,24614.5,24651.4,0
787,2024-12-10T11:15:00+05:30,24651.6,24658.6,24618.85,24620.8,0
788,2024-12-10T12:15:00+05:30,24620.9,24621.0,24534.3,24551.05,0
789,2024-12-10T13:15:00+05:30,24551.5,24569.95,24510.65,24540.45,0
790,2024-12-10T14:15:00+05:30,24541.25,24622.05,24524.8,24612.0,0
791,2024-12-10T15:15:00+05:30,24612.45,24628.7,24606.5,24620.5,0
792,2024-12-11T09:15:00+05:30,24620.5,24649.0,24583.85,24629.15,0
793,2024-12-11T10:15:00+05:30,24629.35,24677.0,24600.85,24653.05,0
794,2024-12-11T11:15:00+05:30,24653.4,24691.75,24645.8,24661.75,0
795,2024-12-11T12:15:00+05:30,24661.25,24672.15,24626.1,24655.85,0
796,2024-12-11T13:15:00+05:30,24655.75,24667.0,24643.5,24652.0,0
797,2024-12-11T14:15:00+05:30,24652.2,24657.95,24615.55,24650.6,0
798,2024-12-11T15:15:00+05:30,24649.25,24651.35,24622.55,24629.5,0
799,2024-12-12T09:15:00+05:30,24604.45,24675.25,24604.45,24618.85,0
800,2024-12-12T10:15:00+05:30,24619.1,24628.15,24584.9,24603.45,0
801,2024-12-12T11:15:00+05:30,24604.95,24611.2,24555.75,24562.35,0
802,2024-12-12T12:15:00+05:30,24562.4,24583.65,24551.65,24567.8,0
803,2024-12-12T13:15:00+05:30,24569.4,24579.85,24543.05,24563.2,0
804,2024-12-12T14:15:00+05:30,24563.85,24577.05,24527.95,24549.9,0
805,2024-12-12T15:15:00+05:30,24550.85,24561.3,24534.6,24539.5,0
806,2024-12-13T09:15:00+05:30,24498.35,24520.8,24343.7,24353.1,0
807,2024-12-13T10:15:00+05:30,24353.05,24353.15,24180.8,24278.95,0
808,2024-12-13T11:15:00+05:30,24279.45,24598.8,24266.85,24560.45,0
809,2024-12-13T12:15:00+05:30,24560.95,24688.2,24497.9,24640.15,0
810,2024-12-13T13:15:00+05:30,24642.65,24757.9,24574.8,24727.75,0
811,2024-12-13T14:15:00+05:30,24727.35,24790.25,24705.85,24771.45,0
812,2024-12-13T15:15:00+05:30,24772.15,24792.3,24761.05,24781.3,0
813,2024-12-16T09:15:00+05:30,24753.4,24781.25,24681.35,24725.65,0
814,2024-12-16T10:15:00+05:30,24725.8,24726.5,24621.1,24627.5,0
815,2024-12-16T11:15:00+05:30,24628.05,24666.75,24603.85,24606.45,0
816,2024-12-16T12:15:00+05:30,24606.85,24668.55,24601.75,24663.2,0
817,2024-12-16T13:15:00+05:30,24663.25,24686.6,24634.7,24660.5,0
818,2024-12-16T14:15:00+05:30,24660.7,24698.1,24647.05,24664.65,0
819,2024-12-16T15:15:00+05:30,24665.35,24671.45,24647.5,24648.25,0
820,2024-12-17T09:15:00+05:30,24584.8,24624.1,24501.85,24519.75,0
821,2024-12-17T10:15:00+05:30,24518.5,24521.2,24383.75,24467.85,0
822,2024-12-17T11:15:00+05:30,24468.05,24488.1,24366.4,24379.25,0
823,2024-12-17T12:15:00+05:30,24379.7,24460.05,24359.25,24370.6,0
824,2024-12-17T13:15:00+05:30,24369.4,24388.3,24323.6,24336.3,0
825,2024-12-17T14:15:00+05:30,24336.9,24362.45,24303.45,24334.4,0
826,2024-12-17T15:15:00+05:30,24335.25,24343.45,24316.4,24319.35,0
827,2024-12-18T09:15:00+05:30,24297.95,24394.45,24231.8,24237.5,0
828,2024-12-18T10:15:00+05:30,24236.75,24313.55,24206.15,24216.6,0
829,2024-12-18T11:15:00+05:30,24217.35,24267.25,24206.65,24222.05,0
830,2024-12-18T12:15:00+05:30,24221.2,24252.35,24149.85,24221.4,0
831,2024-12-18T13:15:00+05:30,24221.5,24235.65,24168.05,24196.65,0
832,2024-12-18T14:15:00+05:30,24196.35,24210.8,24166.7,24189.3,0
833,2024-12-18T15:15:00+05:30,24189.0,24215.3,24188.35,24214.7,0
834,2024-12-19T09:15:00+05:30,23877.15,24004.4,23870.3,23929.75,0
835,2024-12-19T10:15:00+05:30,23929.95,23969.5,23917.4,23942.25,0
836,2024-12-19T11:15:00+05:30,23941.5,24004.9,23941.5,23988.8,0
837,2024-12-19T12:15:00+05:30,23988.15,23993.0,23950.05,23966.05,0
838,2024-12-19T13:15:00+05:30,23966.15,23976.2,23936.3,23963.15,0
839,2024-12-19T14:15:00+05:30,23963.7,23967.15,23938.8,23945.55,0
840,2024-12-19T15:15:00+05:30,23946.65,23964.85,23934.35,23961.95,0
841,2024-12-20T09:15:00+05:30,23960.7,24065.8,23807.3,23850.4,0
842,2024-12-20T10:15:00+05:30,23851.3,23993.9,23835.15,23958.9,0
843,2024-12-20T11:15:00+05:30,23959.0,23961.3,23888.2,23889.1,0
844,2024-12-20T12:15:00+05:30,23889.2,23889.2,23719.35,23726.65,0
845,2024-12-20T13:15:00+05:30,23728.25,23767.7,23676.2,23687.9,0
846,2024-12-20T14:15:00+05:30,23687.7,23725.2,23537.35,23539.3,0
847,2024-12-20T15:15:00+05:30,23538.8,23632.3,23538.4,23631.35,0
848,2024-12-23T09:15:00+05:30,23738.2,23806.5,23701.6,23769.35,0
849,2024-12-23T10:15:00+05:30,23771.75,23850.65,23727.75,23834.35,0
850,2024-12-23T11:15:00+05:30,23834.05,23869.55,23746.6,23769.3,0
851,2024-12-23T12:15:00+05:30,23769.15,23783.9,23674.15,23681.2,0
852,2024-12-23T13:15:00+05:30,23680.35,23712.95,23647.2,23699.1,0
853,2024-12-23T14:15:00+05:30,23698.65,23770.7,23693.85,23761.75,0
854,2024-12-23T15:15:00+05:30,23761.65,23770.0,23743.9,23747.2,0
855,2024-12-24T09:15:00+05:30,23769.1,23822.15,23709.65,23804.85,0
856,2024-12-24T10:15:00+05:30,23804.95,23867.65,23800.35,23828.2,0
857,2024-12-24T11:15:00+05:30,23827.95,23849.25,23788.9,23793.3,0
858,2024-12-24T12:15:00+05:30,23793.8,23819.15,23764.1,23785.35,0
859,2024-12-24T13:15:00+05:30,23785.6,23800.75,23729.2,23762.75,0
860,2024-12-24T14:15:00+05:30,23762.5,23763.35,23714.4,23718.95,0
861,2024-12-24T15:15:00+05:30,23718.8,23749.35,23685.15,23730.35,0
862,2024-12-26T09:15:00+05:30,23775.8,23854.5,23729.05,23749.75,0
863,2024-12-26T10:15:00+05:30,23748.9,23770.05,23701.05,23759.95,0
864,2024-12-26T11:15:00+05:30,23760.6,23775.85,23729.35,23734.7,0
865,2024-12-26T12:15:00+05:30,23735.1,23753.8,23730.65,23750.65,0
866,2024-12-26T13:15:00+05:30,23750.4,23774.45,23653.6,23745.35,0
867,2024-12-26T14:15:00+05:30,23744.95,23763.0,23737.05,23754.95,0
868,2024-12-26T15:15:00+05:30,23753.9,23769.75,23738.95,23760.3,0
869,2024-12-27T09:15:00+05:30,23801.4,23931.9,23800.6,23924.95,0
870,2024-12-27T10:15:00+05:30,23925.35,23938.85,23884.5,23903.55,0
871,2024-12-27T11:15:00+05:30,23903.6,23907.1,23843.3,23845.25,0
872,2024-12-27T12:15:00+05:30,23845.9,23874.2,23828.2,23854.75,0
873,2024-12-27T13:15:00+05:30,23855.45,23868.45,23834.55,23841.75,0
874,2024-12-27T14:15:00+05:30,23842.15,23848.95,23801.9,23807.7,0
875,2024-12-27T15:15:00+05:30,23807.65,23841.1,23803.8,23832.45,0
876,2024-12-30T09:15:00+05:30,23796.9,23818.8,23709.1,23779.95,0
877,2024-12-30T10:15:00+05:30,23779.7,23844.4,23761.9,23787.4,0
878,2024-12-30T11:15:00+05:30,23787.0,23915.35,23781.95,23881.4,0
879,2024-12-30T12:15:00+05:30,23881.95,23885.6,23748.25,23772.2,0
880,2024-12-30T13:15:00+05:30,23772.3,23790.0,23630.6,23640.1,0
881,2024-12-30T14:15:00+05:30,23639.3,23709.65,23599.3,23617.5,0
882,2024-12-30T15:15:00+05:30,23617.3,23680.3,23616.7,23658.65,0
883,2024-12-31T09:15:00+05:30,23560.6,23584.5,23460.45,23470.0,0
884,2024-12-31T10:15:00+05:30,23470.5,23609.55,23470.45,23609.1,0
885,2024-12-31T11:15:00+05:30,23609.15,23616.95,23565.75,23588.6,0
886,2024-12-31T12:15:00+05:30,23588.3,23624.75,23577.45,23592.7,0
887,2024-12-31T13:15:00+05:30,23594.15,23689.85,23581.8,23680.4,0
888,2024-12-31T14:15:00+05:30,23679.3,23683.8,23622.1,23647.75,0
889,2024-12-31T15:15:00+05:30,23648.15,23669.4,23637.6,23668.8,0
890,2025-01-01T09:15:00+05:30,23637.65,23683.6,23562.8,23629.6,0
891,2025-01-01T10:15:00+05:30,23629.95,23761.5,23616.3,23754.05,0
892,2025-01-01T11:15:00+05:30,23754.25,23778.85,23678.35,23714.25,0
893,2025-01-01T12:15:00+05:30,23714.05,23773.0,23711.15,23727.05,0
894,2025-01-01T13:15:00+05:30,23726.95,23822.8,23725.3,23789.1,0
895,2025-01-01T14:15:00+05:30,23789.65,23797.65,23721.45,23739.95,0
896,2025-01-01T15:15:00+05:30,23739.75,23769.8,23733.4,23758.7,0
897,2025-01-02T09:15:00+05:30,23783.0,23877.35,23751.55,23834.1,0
898,2025-01-02T10:15:00+05:30,23833.0,23963.5,23830.6,23943.65,0
899,2025-01-02T11:15:00+05:30,23943.8,23974.15,23916.25,23940.45,0
900,2025-01-02T12:15:00+05:30,23940.9,24091.2,23927.35,24084.75,0
901,2025-01-02T13:15:00+05:30,24085.35,24153.15,24081.75,24144.7,0
902,2025-01-02T14:15:00+05:30,24145.05,24226.7,24144.85,24186.25,0
903,2025-01-02T15:15:00+05:30,24185.5,24194.5,24164.9,24167.95,0
904,2025-01-03T09:15:00+05:30,24196.4,24196.45,24032.15,24042.2,0
905,2025-01-03T10:15:00+05:30,24042.45,24075.7,24000.25,24057.7,0
906,2025-01-03T11:15:00+05:30,24057.6,24149.9,24051.45,24114.4,0
907,2025-01-03T12:15:00+05:30,24115.1,24121.6,24052.25,24098.25,0
908,2025-01-03T13:15:00+05:30,24097.65,24112.55,24021.2,24031.6,0
909,2025-01-03T14:15:00+05:30,24032.55,24053.5,23976.0,24008.05,0
910,2025-01-03T15:15:00+05:30,24008.15,24021.8,23976.75,23990.15,0
911,2025-01-06T09:15:00+05:30,24045.8,24089.95,23911.45,24025.7,0
912,2025-01-06T10:15:00+05:30,24024.0,24054.3,23726.6,23745.1,0
913,2025-01-06T11:15:00+05:30,23744.3,23800.35,23601.5,23719.8,0
914,2025-01-06T12:15:00+05:30,23719.35,23779.15,23679.05,23714.7,0
915,2025-01-06T13:15:00+05:30,23714.6,23714.6,23602.6,23623.85,0
916,2025-01-06T14:15:00+05:30,23624.4,23660.2,23551.9,23585.6,0
917,2025-01-06T15:15:00+05:30,23587.15,23636.95,23580.15,23629.6,0
918,2025-01-07T09:15:00+05:30,23679.9,23795.2,23637.8,23745.9,0
919,2025-01-07T10:15:00+05:30,23749.4,23768.05,23708.1,23731.65,0
920,2025-01-07T11:15:00+05:30,23731.85,23770.5,23712.95,23720.0,0
921,2025-01-07T12:15:00+05:30,23720.55,23742.7,23708.5,23726.65,0
922,2025-01-07T13:15:00+05:30,23727.65,23761.95,23686.9,23720.25,0
923,2025-01-07T14:15:00+05:30,23720.2,23737.0,23684.35,23704.45,0
924,2025-01-07T15:15:00+05:30,23703.95,23712.05,23686.8,23694.6,0
925,2025-01-08T09:15:00+05:30,23746.65,23751.85,23622.2,23669.2,0
926,2025-01-08T10:15:00+05:30,23670.9,23684.25,23551.45,23573.0,0
927,2025-01-08T11:15:00+05:30,23572.15,23603.7,23525.45,23526.75,0
928,2025-01-08T12:15:00+05:30,23526.55,23559.2,23496.15,23535.65,0
929,2025-01-08T13:15:00+05:30,23536.1,23701.75,23522.05,23696.5,0
930,2025-01-08T14:15:00+05:30,23696.3,23727.5,23645.05,23705.2,0
931,2025-01-08T15:15:00+05:30,23703.95,23706.7,23674.2,23675.2,0
932,2025-01-09T09:15:00+05:30,23674.75,23689.5,23593.95,23639.1,0
933,2025-01-09T10:15:00+05:30,23639.3,23652.85,23537.95,23561.9,0
934,2025-01-09T11:15:00+05:30,23562.15,23573.8,23537.25,23562.05,0
935,2025-01-09T12:15:00+05:30,23561.25,23616.7,23524.2,23545.5,0
936,2025-01-09T13:15:00+05:30,23544.95,23552.25,23516.85,23537.25,0
937,2025-01-09T14:15:00+05:30,23536.85,23548.6,23503.05,23520.85,0
938,2025-01-09T15:15:00+05:30,23521.95,23561.05,23514.3,23557.2,0
939,2025-01-10T09:15:00+05:30,23551.9,23596.0,23344.35,23396.55,0
940,2025-01-10T10:15:00+05:30,23396.6,23557.65,23380.95,23557.65,0
941,2025-01-10T11:15:00+05:30,23557.4,23596.6,23477.75,23523.4,0
942,2025-01-10T12:15:00+05:30,23520.1,23566.0,23494.15,23517.75,0
943,2025-01-10T13:15:00+05:30,23516.55,23536.3,23441.25,23441.25,0
944,2025-01-10T14:15:00+05:30,23440.95,23454.65,23396.85,23412.2,0
945,2025-01-10T15:15:00+05:30,23414.6,23449.4,23413.55,23437.35,0
946,2025-01-13T09:15:00+05:30,23195.4,23274.6,23172.7,23273.2,0
947,2025-01-13T10:15:00+05:30,23278.7,23340.95,23258.5,23275.0,0
948,2025-01-13T11:15:00+05:30,23274.8,23298.6,23210.2,23215.1,0
949,2025-01-13T12:15:00+05:30,23215.6,23234.7,23165.75,23177.45,0
950,2025-01-13T13:15:00+05:30,23178.15,23191.4,23100.6,23116.4,0
951,2025-01-13T14:15:00+05:30,23115.75,23137.85,23047.25,23090.85,0
952,2025-01-13T15:15:00+05:30,23091.3,23101.8,23082.75,23088.7,0
953,2025-01-14T09:15:00+05:30,23165.9,23227.2,23139.4,23156.2,0
954,2025-01-14T10:15:00+05:30,23155.75,23264.95,23134.15,23260.05,0
955,2025-01-14T11:15:00+05:30,23260.3,23261.35,23169.7,23181.1,0
956,2025-01-14T12:15:00+05:30,23180.55,23199.3,23144.1,23168.2,0
957,2025-01-14T13:15:00+05:30,23168.4,23184.85,23145.05,23182.45,0
958,2025-01-14T14:15:00+05:30,23182.15,23198.95,23151.9,23173.25,0
959,2025-01-14T15:15:00+05:30,23172.9,23223.05,23168.95,23206.85,0
960,2025-01-15T09:15:00+05:30,23250.45,23273.55,23165.3,23219.65,0
961,2025-01-15T10:15:00+05:30,23218.6,23293.65,23215.0,23257.4,0
962,2025-01-15T11:15:00+05:30,23257.95,23264.2,23204.7,23221.5,0
963,2025-01-15T12:15:00+05:30,23220.85,23266.35,23198.0,23212.35,0
964,2025-01-15T13:15:00+05:30,23212.5,23212.65,23146.45,23181.5,0
965,2025-01-15T14:15:00+05:30,23182.2,23227.7,23159.25,23214.55,0
966,2025-01-15T15:15:00+05:30,23214.95,23229.3,23190.85,23228.1,0
967,2025-01-16T09:15:00+05:30,23377.25,23391.65,23290.7,23308.0,0
968,2025-01-16T10:15:00+05:30,23308.2,23320.3,23272.05,23289.55,0
969,2025-01-16T11:15:00+05:30,23288.25,23308.8,23282.4,23298.9,0
970,2025-01-16T12:15:00+05:30,23300.05,23328.8,23290.3,23318.0,0
971,2025-01-16T13:15:00+05:30,23317.8,23340.9,23311.45,23333.35,0
972,2025-01-16T14:15:00+05:30,23333.4,23333.4,23290.7,23309.65,0
973,2025-01-16T15:15:00+05:30,23309.45,23353.25,23304.45,23350.8,0
974,2025-01-17T09:15:00+05:30,23277.1,23292.1,23167.05,23204.15,0
975,2025-01-17T10:15:00+05:30,23204.4,23269.25,23100.35,23131.85,0
976,2025-01-17T11:15:00+05:30,23132.65,23218.2,23124.35,23208.95,0
977,2025-01-17T12:15:00+05:30,23208.6,23264.3,23197.1,23200.25,0
978,2025-01-17T13:15:00+05:30,23200.3,23208.25,23160.85,23198.5,0
979,2025-01-17T14:15:00+05:30,23198.65,23245.05,23187.3,23196.65,0
980,2025-01-17T15:15:00+05:30,23197.8,23210.55,23194.8,23203.1,0
981,2025-01-20T09:15:00+05:30,23290.4,23308.35,23170.65,23228.05,0
982,2025-01-20T10:15:00+05:30,23228.35,23283.05,23227.65,23273.2,0
983,2025-01-20T11:15:00+05:30,23275.15,23376.5,23272.2,23342.95,0
984,2025-01-20T12:15:00+05:30,23343.7,23372.2,23326.3,23359.7,0
985,2025-01-20T13:15:00+05:30,23359.55,23391.1,23328.25,23359.95,0
986,2025-01-20T14:15:00+05:30,23359.2,23366.25,23327.65,23351.7,0
987,2025-01-20T15:15:00+05:30,23352.25,23352.85,23329.4,23337.05,0
988,2025-01-21T09:15:00+05:30,23421.65,23426.3,23247.2,23266.4,0
989,2025-01-21T10:15:00+05:30,23265.9,23266.6,23127.7,23165.6,0
990,2025-01-21T11:15:00+05:30,23164.25,23421.25,23143.55,23281.15,0
991,2025-01-21T12:15:00+05:30,23280.45,23294.8,23111.1,23256.3,0
992,2025-01-21T13:15:00+05:30,23252.45,23296.55,23120.15,23196.85,0
993,2025-01-21T14:15:00+05:30,23193.9,23207.1,22976.85,23022.45,0
994,2025-01-21T15:15:00+05:30,23022.7,23057.45,23022.7,23053.05,0
995,2025-01-22T09:15:00+05:30,23099.15,23127.7,23050.55,23096.85,0
996,2025-01-22T10:15:00+05:30,23096.75,23144.25,23061.3,23064.95,0
997,2025-01-22T11:15:00+05:30,23065.2,23079.4,23011.85,23036.95,0
998,2025-01-22T12:15:00+05:30,23037.65,23050.85,22989.6,23043.05,0
999,2025-01-22T13:15:00+05:30,23043.3,23084.85,22981.3,23065.55,0
1000,2025-01-22T14:15:00+05:30,23065.75,23169.55,23054.3,23164.25,0
1001,2025-01-22T15:15:00+05:30,23163.8,23165.15,23147.6,23161.75,0
1002,2025-01-23T09:15:00+05:30,23128.3,23235.4,23090.65,23217.6,0
1003,2025-01-23T10:15:00+05:30,23217.3,23246.2,23202.5,23223.75,0
1004,2025-01-23T11:15:00+05:30,23223.15,23238.6,23201.05,23232.75,0
1005,2025-01-23T12:15:00+05:30,23232.1,23270.8,23220.1,23244.55,0
1006,2025-01-23T13:15:00+05:30,23245.3,23256.65,23225.55,23239.95,0
1007,2025-01-23T14:15:00+05:30,23241.9,23246.7,23200.1,23201.25,0
1008,2025-01-23T15:15:00+05:30,23202.85,23218.2,23191.7,23216.3,0
1009,2025-01-24T09:15:00+05:30,23183.9,23292.05,23127.55,23156.35,0
1010,2025-01-24T10:15:00+05:30,23155.25,23289.2,23102.9,23279.2,0
1011,2025-01-24T11:15:00+05:30,23277.95,23347.3,23254.0,23300.8,0
1012,2025-01-24T12:15:00+05:30,23300.35,23319.4,23164.85,23216.5,0
1013,2025-01-24T13:15:00+05:30,23214.7,23214.7,23140.35,23142.25,0
1014,2025-01-24T14:15:00+05:30,23141.85,23168.6,23050.0,23077.5,0
1015,2025-01-24T15:15:00+05:30,23077.75,23105.1,23077.75,23090.35,0
1016,2025-01-27T09:15:00+05:30,22940.15,23007.45,22910.85,22970.7,0
1017,2025-01-27T10:15:00+05:30,22971.25,22971.25,22826.85,22864.5,0
1018,2025-01-27T11:15:00+05:30,22864.55,22941.65,22856.25,22881.55,0
1019,2025-01-27T12:15:00+05:30,22882.0,22943.7,22840.55,22885.45,0
1020,2025-01-27T13:15:00+05:30,22885.95,22892.35,22822.4,22834.9,0
1021,2025-01-27T14:15:00+05:30,22835.1,22857.9,22786.9,22835.7,0
1022,2025-01-27T15:15:00+05:30,22835.5,22838.4,22814.35,22816.85,0
1023,2025-01-28T09:15:00+05:30,22960.45,22973.45,22859.7,22881.25,0
1024,2025-01-28T10:15:00+05:30,22882.5,22987.1,22857.65,22959.6,0
1025,2025-01-28T11:15:00+05:30,22958.55,23040.9,22944.3,23032.65,0
1026,2025-01-28T12:15:00+05:30,23032.15,23068.9,22999.1,23065.25,0
1027,2025-01-28T13:15:00+05:30,23067.35,23076.05,23021.75,23051.75,0
1028,2025-01-28T14:15:00+05:30,23051.95,23137.95,22909.25,22967.55,0
1029,2025-01-28T15:15:00+05:30,22968.35,22984.5,22951.5,22976.3,0
1030,2025-01-29T09:15:00+05:30,23026.75,23097.3,22976.5,23067.15,0
1031,2025-01-29T10:15:00+05:30,23067.55,23125.85,23053.8,23085.4,0
1032,2025-01-29T11:15:00+05:30,23084.75,23128.8,22984.15,23120.95,0
1033,2025-01-29T12:15:00+05:30,23121.1,23168.5,23086.55,23112.8,0
1034,2025-01-29T13:15:00+05:30,23113.05,23181.35,23109.9,23174.05,0
1035,2025-01-29T14:15:00+05:30,23174.55,23180.8,23115.1,23159.35,0
1036,2025-01-29T15:15:00+05:30,23160.3,23183.35,23153.85,23176.2,0
1037,2025-01-30T09:15:00+05:30,23169.5,23300.9,23139.2,23271.4,0
1038,2025-01-30T10:15:00+05:30,23271.6,23311.15,23224.0,23288.3,0
1039,2025-01-30T11:15:00+05:30,23289.15,23301.0,23228.05,23250.8,0
1040,2025-01-30T12:15:00+05:30,23250.3,23289.9,23229.7,23261.95,0
1041,2025-01-30T13:15:00+05:30,23263.4,23268.45,23141.9,23167.6,0
1042,2025-01-30T14:15:00+05:30,23168.15,23255.05,23139.95,23249.55,0
1043,2025-01-30T15:15:00+05:30,23248.45,23322.05,23244.7,23297.95,0
1044,2025-01-31T09:15:00+05:30,23296.75,23403.75,23277.4,23340.2,0
1045,2025-01-31T10:15:00+05:30,23339.65,23444.55,23331.7,23422.8,0
1046,2025-01-31T11:15:00+05:30,23422.4,23449.15,23388.45,23444.2,0
1047,2025-01-31T12:15:00+05:30,23444.5,23502.7,23426.05,23500.1,0
1048,2025-01-31T13:15:00+05:30,23500.05,23530.7,23426.1,23447.85,0
1049,2025-01-31T14:15:00+05:30,23446.8,23518.05,23422.6,23515.15,0
1050,2025-01-31T15:15:00+05:30,23513.85,23546.8,23498.25,23533.85,0
1051,2025-02-01T09:15:00+05:30,23528.6,23595.45,23479.05,23555.9,0
1052,2025-02-01T10:15:00+05:30,23555.7,23602.15,23530.8,23582.95,0
1053,2025-02-01T11:15:00+05:30,23581.55,23632.45,23363.7,23447.05,0
1054,2025-02-01T12:15:00+05:30,23449.1,23549.0,23318.3,23373.4,0
1055,2025-02-01T13:15:00+05:30,23374.65,23533.7,23341.6,23520.25,0
1056,2025-02-01T14:15:00+05:30,23520.9,23547.95,23454.95,23481.2,0
1057,2025-02-01T15:15:00+05:30,23480.75,23499.75,23463.35,23495.3,0
1058,2025-02-03T09:15:00+05:30,23319.35,23345.15,23222.0,23263.7,0
1059,2025-02-03T10:15:00+05:30,23262.5,23328.35,23239.7,23322.65,0
1060,2025-02-03T11:15:00+05:30,23322.3,23338.6,23253.1,23299.85,0
1061,2025-02-03T12:15:00+05:30,23299.5,23361.9,23258.05,23360.7,0
1062,2025-02-03T13:15:00+05:30,23360.8,23369.1,23306.35,23346.6,0
1063,2025-02-03T14:15:00+05:30,23346.8,23381.6,23327.0,23366.9,0
1064,2025-02-03T15:15:00+05:30,23367.2,23369.8,23349.95,23359.7,0
1065,2025-02-04T09:15:00+05:30,23509.9,23582.0,23479.45,23512.65,0
1066,2025-02-04T10:15:00+05:30,23513.25,23534.5,23423.15,23506.5,0
1067,2025-02-04T11:15:00+05:30,23508.05,23616.6,23493.9,23565.4,0
1068,2025-02-04T12:15:00+05:30,23566.15,23642.75,23562.15,23640.05,0
1069,2025-02-04T13:15:00+05:30,23641.05,23712.6,23625.4,23651.6,0
1070,2025-02-04T14:15:00+05:30,23647.95,23762.75,23633.85,23744.0,0
1071,2025-02-04T15:15:00+05:30,23744.4,23745.55,23697.05,23707.7,0
1072,2025-02-05T09:15:00+05:30,23801.75,23807.3,23726.5,23746.4,0
1073,2025-02-05T10:15:00+05:30,23745.75,23786.3,23728.45,23733.1,0
1074,2025-02-05T11:15:00+05:30,23732.4,23759.0,23713.55,23732.55,0
1075,2025-02-05T12:15:00+05:30,23733.2,23756.35,23712.4,23755.9,0
1076,2025-02-05T13:15:00+05:30,23756.55,23774.5,23732.05,23743.1,0
1077,2025-02-05T14:15:00+05:30,23743.55,23752.9,23680.45,23695.85,0
1078,2025-02-05T15:15:00+05:30,23695.2,23700.9,23685.1,23686.75,0
1079,2025-02-06T09:15:00+05:30,23761.95,23773.55,23618.55,23627.8,0
1080,2025-02-06T10:15:00+05:30,23627.3,23656.9,23604.75,23616.35,0
1081,2025-02-06T11:15:00+05:30,23616.95,23626.5,23594.35,23619.45,0
1082,2025-02-06T12:15:00+05:30,23620.3,23629.25,23575.1,23586.2,0
1083,2025-02-06T13:15:00+05:30,23586.3,23603.75,23562.25,23573.0,0
1084,2025-02-06T14:15:00+05:30,23573.3,23610.6,23556.25,23595.9,0
1085,2025-02-06T15:15:00+05:30,23596.1,23633.7,23592.4,23628.05,0
1086,2025-02-07T09:15:00+05:30,23649.5,23683.9,23566.85,23612.0,0
1087,2025-02-07T10:15:00+05:30,23611.8,23629.25,23493.6,23615.95,0
1088,2025-02-07T11:15:00+05:30,23616.25,23694.5,23572.8,23573.9,0
1089,2025-02-07T12:15:00+05:30,23572.35,23610.55,23537.65,23547.7,0
1090,2025-02-07T13:15:00+05:30,23547.85,23591.5,23453.25,23461.05,0
1091,2025-02-07T14:15:00+05:30,23460.95,23574.75,23443.2,23573.7,0
1092,2025-02-07T15:15:00+05:30,23574.0,23591.25,23557.35,23563.15,0
1093,2025-02-10T09:15:00+05:30,23543.8,23568.6,23366.1,23373.1,0
1094,2025-02-10T10:15:00+05:30,23372.35,23406.15,23357.6,23401.3,0
1095,2025-02-10T11:15:00+05:30,23400.8,23403.3,23338.2,23352.65,0
1096,2025-02-10T12:15:00+05:30,23351.4,23371.25,23337.7,23353.85,0
1097,2025-02-10T13:15:00+05:30,23353.3,23377.0,23317.25,23326.6,0
1098,2025-02-10T14:15:00+05:30,23326.7,23409.9,23316.3,23380.35,0
1099,2025-02-10T15:15:00+05:30,23380.8,23387.15,23370.85,23376.05,0
1100,2025-02-11T09:15:00+05:30,23383.55,23390.05,23270.7,23277.3,0
1101,2025-02-11T10:15:00+05:30,23276.5,23296.15,23250.9,23280.05,0
1102,2025-02-11T11:15:00+05:30,23279.7,23301.75,23243.9,23253.15,0
1103,2025-02-11T12:15:00+05:30,23252.85,23257.4,23026.35,23031.2,0
1104,2025-02-11T13:15:00+05:30,23031.05,23101.4,22986.65,23052.65,0
1105,2025-02-11T14:15:00+05:30,23052.7,23118.4,23006.4,23073.4,0
1106,2025-02-11T15:15:00+05:30,23074.25,23080.8,23060.4,23070.5,0
1107,2025-02-12T09:15:00+05:30,23050.8,23097.95,22814.5,22830.6,0
1108,2025-02-12T10:15:00+05:30,22831.1,22954.45,22798.35,22925.55,0
1109,2025-02-12T11:15:00+05:30,22924.9,23077.4,22895.9,23044.4,0
1110,2025-02-12T12:15:00+05:30,23044.9,23120.0,22997.3,23103.05,0
1111,2025-02-12T13:15:00+05:30,23105.45,23144.7,22964.55,23002.25,0
1112,2025-02-12T14:15:00+05:30,23002.3,23059.65,22956.65,23051.55,0
1113,2025-02-12T15:15:00+05:30,23050.85,23063.2,23043.15,23057.8,0
1114,2025-02-13T09:15:00+05:30,23055.75,23192.5,22992.2,23171.7,0
1115,2025-02-13T10:15:00+05:30,23172.0,23209.0,23131.75,23181.3,0
1116,2025-02-13T11:15:00+05:30,23181.4,23235.5,23179.8,23195.8,0
1117,2025-02-13T12:15:00+05:30,23195.7,23210.0,23153.1,23153.1,0
1118,2025-02-13T13:15:00+05:30,23152.75,23177.65,23032.7,23063.0,0
1119,2025-02-13T14:15:00+05:30,23063.65,23074.5,23004.7,23030.15,0
1120,2025-02-13T15:15:00+05:30,23030.4,23039.65,23014.4,23019.4,0
1121,2025-02-14T09:15:00+05:30,23096.45,23133.7,23007.2,23043.0,0
1122,2025-02-14T10:15:00+05:30,23042.75,23082.25,22843.3,22893.95,0
1123,2025-02-14T11:15:00+05:30,22893.35,22922.35,22818.6,22842.05,0
1124,2025-02-14T12:15:00+05:30,22842.2,22866.95,22774.85,22806.35,0
1125,2025-02-14T13:15:00+05:30,22805.9,22850.15,22775.95,22802.05,0
1126,2025-02-14T14:15:00+05:30,22801.95,22966.45,22799.2,22933.4,0
1127,2025-02-14T15:15:00+05:30,22933.85,22935.6,22895.85,22897.25,0
1128,2025-02-17T09:15:00+05:30,22809.9,22874.75,22725.45,22756.85,0
1129,2025-02-17T10:15:00+05:30,22757.35,22926.65,22750.75,22805.7,0
1130,2025-02-17T11:15:00+05:30,22806.2,22889.5,22799.8,22823.7,0
1131,2025-02-17T12:15:00+05:30,22824.1,22899.8,22796.2,22837.85,0
1132,2025-02-17T13:15:00+05:30,22838.6,22959.35,22834.1,22886.5,0
1133,2025-02-17T14:15:00+05:30,22887.1,22970.75,22883.3,22970.65,0
1134,2025-02-17T15:15:00+05:30,22970.5,22974.2,22954.8,22963.5,0
1135,2025-02-18T09:15:00+05:30,22963.65,22992.5,22868.45,22894.45,0
1136,2025-02-18T10:15:00+05:30,22894.1,22909.05,22801.5,22813.7,0
1137,2025-02-18T11:15:00+05:30,22814.35,22900.7,22807.5,22863.3,0
1138,2025-02-18T12:15:00+05:30,22859.55,22909.55,22839.95,22871.85,0
1139,2025-02-18T13:15:00+05:30,22872.05,22934.3,22871.75,22917.25,0
1140,2025-02-18T14:15:00+05:30,22917.3,22970.8,22909.7,22951.4,0
1141,2025-02-18T15:15:00+05:30,22952.1,22952.1,22918.3,22923.15,0
1142,2025-02-19T09:15:00+05:30,22847.25,22996.2,22814.85,22985.6,0
1143,2025-02-19T10:15:00+05:30,22986.4,23049.95,22922.45,22972.1,0
1144,2025-02-19T11:15:00+05:30,22972.3,23011.4,22946.4,22999.35,0
1145,2025-02-19T12:15:00+05:30,22998.7,23023.55,22914.25,22938.85,0
1146,2025-02-19T13:15:00+05:30,22938.75,22961.05,22921.25,22950.8,0
1147,2025-02-19T14:15:00+05:30,22950.55,22951.25,22858.8,22939.95,0
1148,2025-02-19T15:15:00+05:30,22940.05,22940.2,22912.35,22914.4,0
1149,2025-02-20T09:15:00+05:30,22821.1,22898.1,22812.75,22873.75,0
1150,2025-02-20T10:15:00+05:30,22873.8,22913.05,22868.4,22911.3,0
1151,2025-02-20T11:15:00+05:30,22911.2,22914.1,22879.05,22889.1,0
1152,2025-02-20T12:15:00+05:30,22888.5,22908.8,22870.55,22878.25,0
1153,2025-02-20T13:15:00+05:30,22878.05,22923.0,22875.75,22899.5,0
1154,2025-02-20T14:15:00+05:30,22900.05,22923.85,22895.25,22917.15,0
1155,2025-02-20T15:15:00+05:30,22916.2,22920.8,22905.0,22906.25,0
1156,2025-02-21T09:15:00+05:30,22857.2,22921.0,22759.35,22760.65,0
1157,2025-02-21T10:15:00+05:30,22760.2,22798.0,22733.3,22767.95,0
1158,2025-02-21T11:15:00+05:30,22768.0,22820.9,22746.8,22786.3,0
1159,2025-02-21T12:15:00+05:30,22786.2,22824.45,22757.95,22776.7,0
1160,2025-02-21T13:15:00+05:30,22775.3,22787.2,22720.3,22778.9,0
1161,2025-02-21T14:15:00+05:30,22778.6,22812.7,22760.05,22810.75,0
1162,2025-02-21T15:15:00+05:30,22810.2,22812.25,22763.2,22764.35,0
1163,2025-02-24T09:15:00+05:30,22609.35,22668.05,22560.3,22572.15,0
1164,2025-02-24T10:15:00+05:30,22572.5,22580.95,22548.35,22568.6,0
1165,2025-02-24T11:15:00+05:30,22567.95,22620.05,22559.35,22561.15,0
1166,2025-02-24T12:15:00+05:30,22561.25,22591.0,22553.6,22572.35,0
1167,2025-02-24T13:15:00+05:30,22572.3,22580.35,22518.8,22543.7,0
1168,2025-02-24T14:15:00+05:30,22544.8,22590.15,22536.45,22554.35,0
1169,2025-02-24T15:15:00+05:30,22554.95,22563.05,22544.15,22548.85,0
1170,2025-02-25T09:15:00+05:30,22516.45,22625.3,22516.45,22597.5,0
1171,2025-02-25T10:15:00+05:30,22598.35,22601.15,22555.15,22566.45,0
1172,2025-02-25T11:15:00+05:30,22566.2,22581.15,22544.85,22572.65,0
1173,2025-02-25T12:15:00+05:30,22572.4,22600.4,22566.05,22592.75,0
1174,2025-02-25T13:15:00+05:30,22592.9,22595.9,22571.25,22582.05,0
1175,2025-02-25T14:15:00+05:30,22582.3,22585.95,22546.25,22552.4,0
1176,2025-02-25T15:15:00+05:30,22554.55,22559.95,22513.9,22526.3,0
1177,2025-02-27T09:15:00+05:30,22568.95,22613.3,22530.0,22542.3,0
1178,2025-02-27T10:15:00+05:30,22542.9,22564.7,22526.4,22548.95,0
1179,2025-02-27T11:15:00+05:30,22549.35,22557.25,22519.6,22526.65,0
1180,2025-02-27T12:15:00+05:30,22526.9,22537.65,22516.15,22527.8,0
1181,2025-02-27T13:15:00+05:30,22528.75,22550.45,22525.95,22544.1,0
1182,2025-02-27T14:15:00+05:30,22544.9,22556.9,22534.85,22542.7,0
1183,2025-02-27T15:15:00+05:30,22542.35,22548.8,22508.4,22510.85,0
1184,2025-02-28T09:15:00+05:30,22433.4,22450.35,22224.1,22262.15,0
1185,2025-02-28T10:15:00+05:30,22261.8,22300.5,22240.2,22246.25,0
1186,2025-02-28T11:15:00+05:30,22246.4,22280.0,22217.5,22222.55,0
1187,2025-02-28T12:15:00+05:30,22221.75,22253.75,22105.15,22127.85,0
1188,2025-02-28T13:15:00+05:30,22127.75,22163.8,22111.55,22138.5,0
1189,2025-02-28T14:15:00+05:30,22138.15,22198.75,22117.25,22124.65,0
1190,2025-02-28T15:15:00+05:30,22124.85,22127.65,22104.85,22127.4,0
1191,2025-03-03T09:15:00+05:30,22194.55,22261.55,22012.25,22024.9,0
1192,2025-03-03T10:15:00+05:30,22025.55,22104.2,22005.7,22031.6,0
1193,2025-03-03T11:15:00+05:30,22030.55,22055.85,22004.7,22054.75,0
1194,2025-03-03T12:15:00+05:30,22054.55,22155.05,22037.1,22154.8,0
1195,2025-03-03T13:15:00+05:30,22154.95,22174.15,22071.9,22120.85,0
1196,2025-03-03T14:15:00+05:30,22124.45,22153.55,22092.3,22117.25,0
1197,2025-03-03T15:15:00+05:30,22117.2,22146.55,22110.1,22143.15,0
1198,2025-03-04T09:15:00+05:30,21974.45,22091.05,21964.6,22049.95,0
1199,2025-03-04T10:15:00+05:30,22049.25,22104.25,22048.15,22083.7,0
1200,2025-03-04T11:15:00+05:30,22083.1,22086.35,22047.95,22058.0,0
1201,2025-03-04T12:15:00+05:30,22058.2,22075.35,22035.05,22056.35,0
1202,2025-03-04T13:15:00+05:30,22056.6,22105.05,22039.6,22087.6,0
1203,2025-03-04T14:15:00+05:30,22088.55,22104.65,22074.85,22082.05,0
1204,2025-03-04T15:15:00+05:30,22082.6,22090.95,22064.7,22080.3,0
1205,2025-03-05T09:15:00+05:30,22073.05,22265.15,22067.8,22239.0,0
1206,2025-03-05T10:15:00+05:30,22238.7,22296.35,22211.1,22282.35,0
1207,2025-03-05T11:15:00+05:30,22282.65,22375.05,22277.0,22362.1,0
1208,2025-03-05T12:15:00+05:30,22361.9,22394.9,22333.1,22348.8,0
1209,2025-03-05T13:15:00+05:30,22348.4,22363.05,22301.75,22326.8,0
1210,2025-03-05T14:15:00+05:30,22326.7,22353.85,22292.3,22335.0,0
1211,2025-03-05T15:15:00+05:30,22335.15,22351.25,22326.35,22346.65,0
1212,2025-03-06T09:15:00+05:30,22476.35,22491.3,22245.85,22331.6,0
1213,2025-03-06T10:15:00+05:30,22330.9,22455.55,22322.95,22436.25,0
1214,2025-03-06T11:15:00+05:30,22436.15,22438.8,22319.95,22412.45,0
1215,2025-03-06T12:15:00+05:30,22411.6,22485.9,22408.1,22466.15,0
1216,2025-03-06T13:15:00+05:30,22466.85,22528.95,22451.55,22509.2,0
1217,2025-03-06T14:15:00+05:30,22508.7,22556.45,22491.15,22547.85,0
1218,2025-03-06T15:15:00+05:30,22548.15,22553.35,22520.6,22529.2,0
1219,2025-03-07T09:15:00+05:30,22508.65,22606.4,22464.75,22605.7,0
1220,2025-03-07T10:15:00+05:30,22607.95,22625.5,22567.85,22615.2,0
1221,2025-03-07T11:15:00+05:30,22614.05,22633.8,22516.1,22526.85,0
1222,2025-03-07T12:15:00+05:30,22526.3,22583.3,22509.05,22539.2,0
1223,2025-03-07T13:15:00+05:30,22539.65,22576.0,22522.7,22553.6,0
1224,2025-03-07T14:15:00+05:30,22554.0,22607.65,22550.75,22556.85,0
1225,2025-03-07T15:15:00+05:30,22557.55,22557.7,22530.35,22536.95,0
1226,2025-03-10T09:15:00+05:30,22521.85,22676.75,22498.65,22631.75,0
1227,2025-03-10T10:15:00+05:30,22631.3,22650.5,22603.8,22616.9,0
1228,2025-03-10T11:15:00+05:30,22617.15,22645.35,22582.35,22587.5,0
1229,2025-03-10T12:15:00+05:30,22587.45,22619.3,22563.35,22601.8,0
1230,2025-03-10T13:15:00+05:30,22601.55,22602.2,22532.9,22548.6,0
1231,2025-03-10T14:15:00+05:30,22548.7,22549.1,22429.05,22469.65,0
1232,2025-03-10T15:15:00+05:30,22470.2,22472.55,22436.4,22441.1,0
1233,2025-03-11T09:15:00+05:30,22345.95,22426.35,22314.7,22422.55,0
1234,2025-03-11T10:15:00+05:30,22422.45,22485.85,22397.25,22452.3,0
1235,2025-03-11T11:15:00+05:30,22452.55,22455.2,22415.55,22437.7,0
1236,2025-03-11T12:15:00+05:30,22437.6,22466.4,22430.3,22446.7,0
1237,2025-03-11T13:15:00+05:30,22446.1,22510.1,22437.65,22501.55,0
1238,2025-03-11T14:15:00+05:30,22501.6,22516.0,22469.35,22499.5,0
1239,2025-03-11T15:15:00+05:30,22499.85,22522.1,22490.75,22520.5,0
1240,2025-03-12T09:15:00+05:30,22536.35,22577.4,22417.55,22425.2,0
1241,2025-03-12T10:15:00+05:30,22423.75,22460.85,22394.95,22416.45,0
1242,2025-03-12T11:15:00+05:30,22416.3,22420.5,22329.55,22367.2,0
1243,2025-03-12T12:15:00+05:30,22367.55,22405.85,22331.75,22402.2,0
1244,2025-03-12T13:15:00+05:30,22402.95,22445.3,22392.05,22437.0,0
1245,2025-03-12T14:15:00+05:30,22436.9,22494.1,22432.6,22473.75,0
1246,2025-03-12T15:15:00+05:30,22474.05,22474.05,22452.75,22468.5,0
1247,2025-03-13T09:15:00+05:30,22541.5,22556.0,22460.4,22545.1,0
1248,2025-03-13T10:15:00+05:30,22545.3,22558.05,22478.3,22519.65,0
1249,2025-03-13T11:15:00+05:30,22520.05,22520.65,22403.15,22443.2,0
1250,2025-03-13T12:15:00+05:30,22442.75,22462.05,22425.75,22429.8,0
1251,2025-03-13T13:15:00+05:30,22429.15,22453.5,22419.75,22432.3,0
1252,2025-03-13T14:15:00+05:30,22432.35,22434.9,22377.35,22399.6,0
1253,2025-03-13T15:15:00+05:30,22399.5,22412.75,22379.45,22383.3,0
