datetime,open,high,low,close,atr,upperband,lowerband,signals,SMA_5,SMA_7,SMA_21,5_21_SMA_Trend
2025-04-16 09:29,23335.85,23337.15,23328.35,23334.2,12.031168252295643,23368.84350475689,23296.656495243114,0,,,,
2025-04-16 09:30,23333.5,23338.05,23329.95,23331.8,11.612675756569228,23368.838027269707,23299.161972730293,0,,,,
2025-04-16 09:31,23330.8,23334.95,23327.7,23332.4,11.163963903071194,23364.81689170921,23299.161972730293,0,,,,
2025-04-16 09:32,23333.45,23337.25,23330.05,23337.25,10.768681829757949,23364.81689170921,23301.34395451073,0,,,,
2025-04-16 09:33,23336.45,23340.25,23331.7,23337.1,10.553524221306494,23364.81689170921,23304.31442733608,0,23334.55,,,
2025-04-16 09:34,23336.95,23338.6,23330.65,23336.55,10.30733570076956,23364.81689170921,23304.31442733608,0,23335.02,,,
2025-04-16 09:35,23335.8,23337.25,23332.05,23333.8,9.835306056296686,23364.15591816889,23305.144081831117,0,23335.420000000002,23334.72857142857,,
2025-04-16 09:36,23334.1,23337.45,23326.65,23336.65,9.92263164444486,23361.817894933338,23305.144081831117,0,23336.27,23335.07857142857,,
2025-04-16 09:37,23337.65,23341.2,23334.45,23340.75,9.64082072890658,23361.817894933338,23308.90253781328,0,23336.97,23336.35714285714,,
2025-04-16 09:38,23340.25,23356.5,23340.05,23354.2,10.23530786549864,23361.817894933338,23317.569076403503,0,23340.39,23339.471428571433,,
2025-04-16 09:39,23356.2,23357.45,23345.75,23346.45,10.361186615686025,23361.817894933338,23320.51644015294,0,23342.370000000003,23340.785714285714,,
2025-04-16 09:40,23344.9,23348.45,23337.25,23340.2,10.432244712649752,23361.817894933338,23320.51644015294,0,23343.65,23341.22857142857,,
2025-04-16 09:41,23339.5,23342.9,23337.4,23339.7,10.019898868551603,23361.817894933338,23320.51644015294,0,23344.260000000002,23341.678571428572,,
2025-04-16 09:42,23338.55,23357.2,23338.45,23357.2,10.740975332778874,23361.817894933338,23320.51644015294,0,23347.55,23345.02142857143,,
2025-04-16 09:43,23356.1,23359.65,23353.3,23356.8,10.382301475056272,23361.817894933338,23325.32809557483,0,23348.07,23347.899999999998,,
2025-04-16 09:44,23354.65,23358.0,23353.05,23357.7,9.943072221071295,23361.817894933338,23325.69578333679,0,23350.32,23350.321428571428,,
2025-04-16 09:45,23357.2,23364.45,23355.55,23361.35,9.85952210430999,23361.817894933338,23330.421433687072,0,23354.55,23351.342857142856,,
2025-04-16 09:46,23359.6,23361.7,23356.5,23359.25,9.48950284830933,23361.817894933338,23330.63149145507,0,23358.46,23353.17142857143,,
2025-04-16 09:47,23358.5,23360.65,23353.4,23354.3,9.31306919496107,23361.817894933338,23330.63149145507,0,23357.879999999997,23355.18571428571,,
2025-04-16 09:48,23354.3,23356.65,23345.35,23348.35,9.468461841209546,23361.817894933338,23330.63149145507,0,23356.19,23356.421428571426,,
2025-04-16 09:49,23347.7,23351.55,23343.7,23346.65,9.342738440543869,23361.817894933338,23330.63149145507,0,23353.98,23354.914285714283,23344.888095238097,UP
2025-04-16 09:50,23345.85,23348.75,23343.3,23347.25,9.0422262969399,23361.817894933338,23330.63149145507,0,23351.159999999996,23353.549999999996,23345.509523809524,UP
2025-04-16 09:51,23346.35,23354.55,23345.1,23352.75,9.073525085575932,23361.817894933338,23330.63149145507,0,23349.859999999997,23352.842857142856,23346.507142857143,UP
2025-04-16 09:52,23352.7,23353.35,23347.35,23352.8,8.838865741963794,23361.817894933338,23330.63149145507,0,23349.56,23351.62142857143,23347.47857142857,UP
2025-04-16 09:53,23352.9,23357.55,23352.15,23355.7,8.577598592342017,23361.817894933338,23330.63149145507,0,23351.03,23351.114285714284,23348.35714285714,UP
2025-04-16 09:54,23356.8,23361.35,23356.8,23358.75,8.356181477667269,23361.817894933338,23334.006455567,0,23353.45,23351.75,23349.388095238097,UP
2025-04-16 09:55,23357.35,23359.05,23351.9,23353.5,8.26533856317689,23361.817894933338,23334.006455567,0,23354.7,23352.485714285714,23350.19523809524,UP
2025-04-16 09:56,23352.5,23353.85,23349.1,23353.2,8.001607545791662,23361.817894933338,23334.006455567,0,23354.79,23353.42142857143,23351.119047619046,UP
2025-04-16 09:57,23353.0,23368.05,23352.85,23367.55,8.539717912313176,23361.817894933338,23334.83084626306,1,23357.74,23356.321428571428,23352.59047619048,UP
2025-04-16 09:58,23367.7,23372.5,23363.0,23363.0,8.611265128793343,23393.58379538638,23341.91620461362,1,23359.2,23357.785714285714,23353.65,UP
2025-04-16 09:59,23363.0,23363.1,23352.65,23357.9,8.747842380974975,23384.118527142924,23341.91620461362,1,23359.03,23358.514285714282,23353.82619047619,UP
2025-04-16 10:00,23357.5,23361.9,23355.95,23360.35,8.540615141674765,23384.118527142924,23341.91620461362,1,23360.4,23359.178571428572,23354.488095238095,UP
2025-04-16 10:01,23359.95,23361.55,23352.0,23360.7,8.615180330505767,23382.62054099152,23341.91620461362,1,23361.9,23359.457142857143,23355.464285714286,UP
2025-04-16 10:02,23360.85,23368.1,23360.8,23365.8,8.52563143518149,23382.62054099152,23341.91620461362,1,23361.55,23361.214285714286,23356.707142857143,UP
2025-04-16 10:03,23365.8,23368.9,23363.45,23364.8,8.299494255870163,23382.62054099152,23341.91620461362,1,23361.91,23362.87142857143,23357.069047619047,UP
2025-04-16 10:04,23364.35,23367.8,23362.55,23367.05,8.075747992687056,23382.62054099152,23341.91620461362,1,23363.739999999998,23362.8,23357.557142857142,UP
2025-04-16 10:05,23366.6,23370.35,23359.95,23362.65,8.245951364498815,23382.62054099152,23341.91620461362,1,23364.2,23362.75,23357.792857142857,UP
2025-04-16 10:06,23362.25,23367.3,23358.55,23358.55,8.282796150666519,23382.62054099152,23341.91620461362,1,23363.769999999997,23362.842857142856,23357.659523809525,UP
2025-04-16 10:07,23358.65,23361.4,23355.7,23359.25,8.094314339296126,23382.62054099152,23341.91620461362,1,23362.46,23362.685714285715,23357.659523809525,UP
2025-04-16 10:08,23358.4,23365.2,23356.0,23356.0,8.174878062249103,23382.62054099152,23341.91620461362,1,23360.7,23362.014285714286,23357.740476190476,UP
2025-04-16 10:09,23356.65,23362.15,23355.6,23356.6,8.056653953472736,23382.62054099152,23341.91620461362,1,23358.61,23360.7,23358.13333333333,UP
2025-04-16 10:10,23356.7,23359.7,23349.65,23351.75,8.201494669843632,23379.27948400953,23341.91620461362,1,23356.43,23358.83571428571,23358.37619047619,DOWN
2025-04-16 10:11,23350.9,23356.25,23350.9,23355.1,7.994554337046057,23377.55866301114,23341.91620461362,1,23355.739999999998,23357.12857142857,23358.75,DOWN
2025-04-16 10:12,23354.85,23359.25,23354.65,23358.3,7.748484268565925,23377.55866301114,23341.91620461362,1,23355.55,23356.507142857143,23359.014285714286,DOWN
2025-04-16 10:13,23358.45,23360.8,23353.1,23358.85,7.744973386061307,23377.55866301114,23341.91620461362,1,23356.120000000003,23356.549999999996,23359.30238095238,DOWN
2025-04-16 10:14,23359.0,23360.55,23354.05,23355.8,7.654909999679452,23377.55866301114,23341.91620461362,1,23355.96,23356.057142857142,23359.307142857142,DOWN
2025-04-16 10:15,23354.7,23358.95,23343.3,23343.3,8.232760126000633,23375.823280378,23341.91620461362,1,23354.269999999997,23354.242857142854,23358.571428571428,DOWN
2025-04-16 10:16,23342.8,23349.7,23342.8,23344.65,8.136515579265293,23370.6595467378,23341.91620461362,1,23352.18,23352.535714285714,23358.149999999998,DOWN
2025-04-16 10:17,23344.0,23345.7,23323.2,23323.5,9.172952265950276,23361.96885679785,23341.91620461362,-1,23345.22,23348.5,23356.735714285714,DOWN
2025-04-16 10:18,23323.8,23328.05,23321.85,23324.75,8.9585870361206,23351.82576110836,23298.07423889164,-1,23338.4,23344.164285714283,23354.697619047616,DOWN
2025-04-16 10:19,23324.45,23324.5,23308.75,23313.05,9.46596602586019,23345.02289807758,23298.07423889164,-1,23329.85,23337.7,23352.319047619047,DOWN
2025-04-16 10:20,23311.8,23315.75,23309.55,23312.5,9.230779876168786,23340.342339628507,23298.07423889164,-1,23323.69,23331.078571428574,23350.15714285714,DOWN
2025-04-16 10:21,23311.85,23313.35,23300.25,23300.25,9.50924483740898,23335.327734512222,23298.07423889164,-1,23314.809999999998,23323.14285714286,23347.295238095237,DOWN
2025-04-16 10:22,23299.35,23304.8,23297.45,23299.75,9.353929534501134,23329.186788603503,23298.07423889164,-1,23310.059999999998,23316.92142857143,23344.39285714286,DOWN
2025-04-16 10:23,23298.9,23300.4,23291.8,23295.05,9.299726295839363,23323.99917888752,23298.07423889164,-1,23304.12,23309.835714285717,23341.02380952381,DOWN
2025-04-16 10:24,23294.8,23297.4,23290.95,23291.05,9.094942583359812,23321.45982775008,23266.890172249925,-1,23299.72,23305.2,23337.511904761905,DOWN
2025-04-16 10:25,23289.9,23295.4,23289.05,23294.1,8.897773944915265,23318.918321834743,23266.890172249925,-1,23296.04,23300.821428571428,23334.038095238095,DOWN
2025-04-16 10:26,23293.1,23303.55,23293.1,23302.8,9.00922529442257,23318.918321834743,23271.29732411673,-1,23296.55,23299.35714285714,23331.188095238093,DOWN
2025-04-16 10:27,23301.95,23310.8,23301.95,23306.75,8.997797018461377,23318.918321834743,23279.38160894461,-1,23297.95,23298.535714285714,23328.721428571425,DOWN
2025-04-16 10:28,23307.05,23311.1,23304.4,23307.9,8.832931353039417,23318.918321834743,23281.25120594088,-1,23300.52,23299.62857142857,23326.27619047619,DOWN
2025-04-16 10:29,23306.35,23310.35,23302.15,23302.8,8.787533445541788,23318.918321834743,23281.25120594088,-1,23302.87,23300.064285714285,23323.742857142857,DOWN
2025-04-16 10:30,23303.05,23306.0,23298.75,23300.4,8.677284496581455,23318.918321834743,23281.25120594088,-1,23304.13,23300.82857142857,23321.06666666667,DOWN
2025-04-16 10:31,23298.9,23300.9,23288.95,23291.95,8.911889933881696,23318.918321834743,23281.25120594088,-1,23301.96,23300.957142857143,23318.219047619048,DOWN
2025-04-16 10:32,23290.65,23311.8,23290.65,23311.6,9.7889568178937,23318.918321834743,23281.25120594088,-1,23302.93,23303.457142857143,23316.147619047617,DOWN
2025-04-16 10:33,23310.35,23313.75,23301.95,23306.4,9.933047627278524,23318.918321834743,23281.25120594088,-1,23302.63,23303.971428571433,23313.676190476188,DOWN
2025-04-16 10:34,23304.75,23307.15,23280.75,23286.1,11.112640265470668,23318.918321834743,23281.25120594088,-1,23299.29,23301.02142857143,23310.211904761905,DOWN
2025-04-16 10:35,23286.15,23297.55,23286.15,23295.85,11.136801709689223,23318.918321834743,23281.25120594088,-1,23298.379999999997,23299.299999999996,23307.35714285714,DOWN
2025-04-16 10:36,23295.35,23297.45,23292.75,23295.8,10.675890807761904,23318.918321834743,23281.25120594088,-1,23299.15,23298.3,23305.095238095237,DOWN
2025-04-16 10:37,23296.9,23297.5,23289.8,23292.2,10.46283814026115,23318.918321834743,23281.25120594088,-1,23295.269999999997,23297.128571428573,23302.597619047618,DOWN
2025-04-16 10:38,23292.9,23293.7,23286.3,23290.0,10.243596689358135,23318.918321834743,23281.25120594088,-1,23291.989999999998,23296.850000000002,23301.00238095238,DOWN
2025-04-16 10:39,23290.2,23295.8,23286.7,23295.1,10.16174922018664,23318.918321834743,23281.25120594088,-1,23293.79,23294.492857142854,23299.59047619048,DOWN
2025-04-16 10:40,23295.9,23299.5,23291.65,23298.6,9.996320247955785,23318.918321834743,23281.25120594088,-1,23294.34,23293.37857142857,23298.902380952382,DOWN
2025-04-16 10:41,23298.95,23300.9,23290.9,23300.55,9.99658353670107,23318.918321834743,23281.25120594088,-1,23295.29,23295.442857142854,23298.333333333332,DOWN
2025-04-16 10:42,23300.3,23302.5,23296.75,23301.05,9.692774711463525,23318.918321834743,23281.25120594088,-1,23297.059999999998,23296.185714285715,23298.371428571427,DOWN
2025-04-16 10:43,23301.65,23303.0,23295.75,23299.7,9.518033679416558,23318.918321834743,23281.25120594088,-1,23299.0,23296.742857142854,23298.369047619046,UP
2025-04-16 10:44,23300.05,23306.55,23296.8,23300.2,9.534625372438756,23318.918321834743,23281.25120594088,-1,23300.019999999997,23297.885714285716,23298.614285714284,UP
2025-04-16 10:45,23300.25,23308.25,23297.8,23308.05,9.600092336084511,23318.918321834743,23281.25120594088,-1,23301.91,23300.464285714286,23299.423809523807,UP
2025-04-16 10:46,23309.15,23312.3,23305.3,23312.3,9.414152393209,23318.918321834743,23281.25120594088,-1,23304.26,23302.92142857143,23300.290476190476,UP
2025-04-16 10:47,23312.45,23312.45,23301.8,23308.1,9.502523898869155,23318.918321834743,23281.25120594088,-1,23305.670000000002,23304.278571428575,23300.542857142857,UP
2025-04-16 10:48,23308.3,23312.8,23305.05,23310.25,9.377216328188927,23318.918321834743,23281.25120594088,-1,23307.78,23305.66428571429,23300.709523809524,UP
2025-04-16 10:49,23310.4,23310.85,23305.75,23307.45,9.071412418036344,23318.918321834743,23281.25120594088,-1,23309.23,23306.57857142857,23300.688095238096,UP
2025-04-16 10:50,23307.55,23310.2,23304.95,23307.25,8.79821509433587,23318.918321834743,23281.25120594088,-1,23309.07,23307.657142857144,23300.9,UP
2025-04-16 10:51,23307.35,23314.6,23306.3,23310.35,8.762599334276697,23318.918321834743,23284.16220199717,-1,23308.68,23309.10714285714,23301.373809523808,UP
2025-04-16 10:52,23309.8,23313.75,23307.8,23310.6,8.561547539215688,23318.918321834743,23285.09035738236,-1,23309.18,23309.471428571433,23302.261904761905,UP
2025-04-16 10:53,23310.3,23310.3,23297.9,23297.9,8.857358737465761,23318.918321834743,23285.09035738236,-1,23306.71,23307.414285714283,23301.609523809522,UP
2025-04-16 10:54,23298.85,23300.4,23293.7,23299.1,8.703161270947625,23318.918321834743,23285.09035738236,-1,23305.04,23306.12857142857,23301.261904761905,UP
2025-04-16 10:55,23299.5,23305.0,23291.8,23303.9,9.024558382425043,23318.918321834743,23285.09035738236,-1,23304.370000000003,23305.221428571433,23302.109523809522,UP
2025-04-16 10:56,23304.9,23308.5,23297.8,23298.7,9.144300018178374,23318.918321834743,23285.09035738236,-1,23302.04,23303.971428571425,23302.245238095238,DOWN
2025-04-16 10:57,23297.9,23301.35,23296.9,23299.25,8.808817957192396,23318.918321834743,23285.09035738236,-1,23299.77,23302.82857142857,23302.409523809525,DOWN
2025-04-16 10:58,23300.2,23303.1,23286.25,23288.9,9.383466317622393,23318.918321834743,23285.09035738236,-1,23297.97,23299.764285714286,23302.25238095238,DOWN
2025-04-16 10:59,23289.2,23293.2,23280.95,23287.65,9.58831081451534,23315.839932443545,23285.09035738236,-1,23295.68,23296.485714285714,23302.140476190478,DOWN
2025-04-16 11:00,23286.2,23291.05,23274.9,23274.9,10.05719863811856,23313.146595914357,23285.09035738236,-1,23289.879999999997,23293.2,23301.178571428572,DOWN
2025-04-16 11:01,23277.0,23284.5,23274.45,23281.5,10.056684250286471,23309.645052750857,23249.30494724914,-1,23286.440000000002,23290.68571428571,23300.364285714288,DOWN
2025-04-16 11:02,23278.55,23283.8,23276.35,23281.15,9.870425474786188,23309.645052750857,23250.46372357564,-1,23282.82,23287.43571428571,23299.440476190477,DOWN
2025-04-16 11:03,23280.2,23280.8,23274.0,23280.2,9.676044400146347,23306.42813320044,23250.46372357564,-1,23281.08,23284.792857142857,23298.44761904762,DOWN
2025-04-16 11:04,23280.05,23285.95,23277.4,23284.5,9.595587686516332,23306.42813320044,23252.888236940453,-1,23280.45,23282.68571428571,23297.72380952381,DOWN
2025-04-16 11:05,23283.85,23285.65,23279.8,23281.0,9.327968582706951,23306.42813320044,23254.74109425188,-1,23281.670000000002,23281.557142857142,23296.809523809523,DOWN
2025-04-16 11:06,23280.2,23286.3,23276.9,23286.05,9.333115061184166,23306.42813320044,23254.74109425188,-1,23282.58,23281.32857142857,23295.761904761905,DOWN
2025-04-16 11:07,23286.1,23292.85,23285.55,23292.35,9.187856460960164,23306.42813320044,23261.63643061712,-1,23284.82,23283.821428571428,23294.811904761907,DOWN
2025-04-16 11:08,23291.55,23306.1,23290.5,23306.1,9.645972421345911,23306.42813320044,23269.362082735963,-1,23290.0,23287.335714285717,23294.716666666667,DOWN
2025-04-16 11:09,23304.65,23314.85,23302.35,23307.65,9.849875222823652,23306.42813320044,23279.050374331528,1,23294.629999999997,23291.12142857143,23294.59285714286,UP
2025-04-16 11:10,23307.9,23313.25,23306.3,23309.5,9.642700059179552,23338.70310017754,23280.846899822463,1,23300.329999999998,23295.307142857142,23294.690476190477,UP
2025-04-16 11:11,23310.1,23313.65,23307.2,23313.65,9.414607915677871,23338.66882374704,23282.18117625297,1,23305.85,23299.471428571425,23294.995238095238,UP
2025-04-16 11:12,23312.05,23315.45,23311.1,23313.9,9.052788137043192,23338.66882374704,23286.11663558887,1,23310.159999999996,23304.17142857143,23295.164285714287,UP
2025-04-16 11:13,23314.35,23316.4,23312.05,23312.7,8.716821180183722,23338.66882374704,23288.074536459448,1,23311.480000000003,23307.97857142857,23295.26428571429,UP
2025-04-16 11:14,23313.5,23319.3,23312.4,23318.85,8.58702904007503,23338.66882374704,23290.08891287977,1,23313.719999999998,23311.764285714286,23296.261904761905,UP
2025-04-16 11:15,23319.4,23325.75,23316.15,23323.4,8.659394048188428,23338.66882374704,23294.97181785544,1,23316.500000000004,23314.235714285714,23297.41904761905,UP
2025-04-16 11:16,23323.65,23327.25,23320.45,23326.15,8.52656324609385,23338.66882374704,23298.27031026172,1,23319.0,23316.878571428573,23298.47857142857,UP
2025-04-16 11:17,23326.6,23327.7,23321.05,23326.8,8.392507137712974,23338.66882374704,23299.197478586862,1,23321.58,23319.350000000002,23299.81666666667,UP
2025-04-16 11:18,23325.8,23328.9,23322.65,23328.9,8.239454081969361,23338.66882374704,23301.056637754093,1,23324.82,23321.528571428567,23301.22857142857,UP
2025-04-16 11:19,23328.45,23335.4,23326.95,23335.05,8.25449461201256,23338.66882374704,23306.411516163964,1,23328.06,23324.55,23303.42619047619,UP
2025-04-16 11:20,23334.35,23335.2,23331.75,23333.6,7.911283881102666,23338.66882374704,23309.74114835669,1,23330.1,23327.535714285714,23305.614285714288,UP
2025-04-16 11:21,23332.95,23334.2,23328.75,23329.8,7.735462408495654,23338.66882374704,23309.74114835669,1,23330.829999999998,23329.100000000002,23308.22857142857,UP
2025-04-16 11:22,23328.95,23331.65,23326.55,23331.25,7.547199701090874,23338.66882374704,23309.74114835669,1,23331.72,23330.221428571433,23310.597619047618,UP
2025-04-16 11:23,23331.4,23334.7,23328.85,23333.45,7.425961946551037,23338.66882374704,23309.74114835669,1,23332.63,23331.264285714282,23313.088095238098,UP
2025-04-16 11:24,23332.85,23334.75,23330.65,23333.8,7.188376486819951,23338.66882374704,23311.13487053954,1,23332.379999999997,23332.264285714286,23315.640476190478,UP
2025-04-16 11:25,23333.8,23336.05,23330.5,23331.05,7.071341933554887,23338.66882374704,23312.060974199336,1,23331.87,23332.571428571428,23317.85714285714,UP
2025-04-16 11:26,23332.0,23333.75,23330.45,23331.0,6.801943991139192,23338.66882374704,23312.060974199336,1,23332.109999999997,23331.992857142854,23320.238095238095,UP
2025-04-16 11:27,23330.45,23334.95,23329.55,23333.45,6.701799482020465,23338.66882374704,23312.144601553937,1,23332.55,23331.971428571433,23322.495238095238,UP
2025-04-16 11:28,23333.0,23336.35,23331.15,23335.0,6.594522467761905,23338.66882374704,23313.966432596717,1,23332.859999999997,23332.714285714286,23324.52619047619,UP
2025-04-16 11:29,23334.9,23334.9,23320.9,23323.55,7.130654098769478,23338.66882374704,23313.966432596717,1,23330.81,23331.614285714284,23325.35714285714,UP
2025-04-16 11:30,23322.7,23328.6,23322.15,23327.0,7.082033751575152,23338.66882374704,23313.966432596717,1,23330.0,23330.692857142858,23326.27857142857,UP
2025-04-16 11:31,23326.75,23330.25,23326.2,23328.65,6.865450823361476,23338.66882374704,23313.966432596717,1,23329.530000000002,23329.95714285714,23327.190476190477,UP
2025-04-16 11:32,23327.95,23332.65,23325.5,23328.35,6.885776556585458,23338.66882374704,23313.966432596717,1,23328.510000000002,23329.571428571428,23327.890476190478,UP
2025-04-16 11:33,23326.15,23329.35,23324.2,23324.65,6.76178803045812,23338.66882374704,23313.966432596717,1,23326.44,23328.664285714283,23328.402380952382,DOWN
2025-04-16 11:34,23325.4,23327.4,23323.6,23326.45,6.55022463420638,23338.66882374704,23313.966432596717,1,23327.02,23327.664285714283,23329.057142857142,DOWN
2025-04-16 11:35,23326.85,23328.0,23318.85,23324.65,6.735928668449224,23338.66882374704,23313.966432596717,1,23326.55,23326.18571428571,23329.333333333332,DOWN
2025-04-16 11:36,23323.35,23333.55,23323.05,23332.6,7.004798695781799,23338.66882374704,23313.966432596717,1,23327.34,23327.47857142857,23329.771428571425,DOWN
2025-04-16 11:37,23333.65,23335.75,23330.35,23333.5,6.890167133761709,23338.66882374704,23313.966432596717,1,23328.370000000003,23328.407142857144,23330.12142857143,DOWN
2025-04-16 11:38,23333.5,23334.25,23322.15,23322.95,7.262307348795045,23338.66882374704,23313.966432596717,1,23328.03,23327.59285714286,23329.938095238093,DOWN
2025-04-16 11:39,23322.6,23323.6,23320.1,23321.45,6.993564875952732,23338.66882374704,23313.966432596717,1,23327.03,23326.60714285714,23329.583333333332,DOWN
2025-04-16 11:40,23321.3,23321.7,23316.0,23320.9,6.90116539464207,23338.66882374704,23313.966432596717,1,23326.280000000002,23326.071428571428,23328.909523809525,DOWN
2025-04-16 11:41,23320.6,23322.65,23317.3,23318.05,6.790365650426823,23338.66882374704,23313.966432596717,1,23323.370000000003,23324.87142857143,23328.16904761905,DOWN
2025-04-16 11:42,23316.8,23325.8,23316.8,23325.8,6.948199606640442,23338.66882374704,23313.966432596717,1,23321.829999999998,23325.035714285714,23327.97857142857,DOWN
2025-04-16 11:43,23325.25,23331.4,23323.5,23331.1,7.0161865214676045,23338.66882374704,23313.966432596717,1,23323.46,23324.821428571428,23327.97142857143,DOWN
2025-04-16 11:44,23331.25,23334.2,23329.6,23333.95,6.84359900623019,23338.66882374704,23313.966432596717,1,23325.96,23324.885714285716,23327.995238095238,DOWN
2025-04-16 11:45,23333.3,23336.0,23331.1,23335.3,6.704768441438831,23338.66882374704,23313.966432596717,1,23328.84,23326.649999999998,23328.06666666667,UP
2025-04-16 11:46,23334.35,23338.0,23333.6,23338.0,6.540139851095772,23338.66882374704,23316.17958044671,1,23332.829999999998,23329.014285714286,23328.397619047617,UP
2025-04-16 11:47,23337.6,23338.3,23334.3,23336.1,6.358698964016247,23338.66882374704,23317.22390310795,1,23334.890000000003,23331.185714285715,23328.640476190478,UP
2025-04-16 11:48,23336.85,23338.6,23332.85,23334.85,6.315219948952102,23338.66882374704,23317.22390310795,1,23335.64,23333.58571428571,23328.707142857143,UP
2025-04-16 11:49,23335.0,23340.05,23331.9,23339.15,6.446277115720963,23338.66882374704,23317.22390310795,1,23336.68,23335.492857142857,23328.904761904763,UP
2025-04-16 11:50,23339.05,23339.65,23331.8,23334.55,6.546544065302844,23355.364632195902,23317.22390310795,1,23336.53,23335.985714285714,23329.428571428572,UP
2025-04-16 11:51,23335.0,23338.35,23332.6,23333.95,6.489647518293775,23354.94394255488,23317.22390310795,1,23335.72,23335.985714285714,23329.759523809524,UP
2025-04-16 11:52,23335.0,23336.2,23329.95,23335.15,6.472529686901407,23352.492589060705,23317.22390310795,1,23335.53,23335.964285714286,23330.069047619047,UP
2025-04-16 11:53,23335.0,23335.7,23329.1,23331.1,6.481634784100722,23351.844904352303,23317.22390310795,1,23334.78,23334.97857142857,23330.2,UP
2025-04-16 11:54,23330.7,23334.55,23328.1,23332.35,6.47937513941952,23350.763125418256,23317.22390310795,1,23333.420000000002,23334.442857142854,23330.566666666666,UP
2025-04-16 11:55,23332.3,23339.25,23332.1,23339.15,6.52727725464846,23350.763125418256,23317.22390310795,1,23334.340000000004,23335.057142857146,23331.171428571426,UP
2025-04-16 11:56,23337.9,23340.85,23335.65,23337.8,6.432471112577082,23350.763125418256,23318.952586662268,1,23335.109999999997,23334.864285714284,23331.79761904762,UP
2025-04-16 11:57,23337.5,23339.7,23336.1,23339.7,6.230150511100186,23350.763125418256,23319.2095484667,1,23336.02,23335.600000000002,23332.135714285716,UP
2025-04-16 11:58,23339.6,23341.35,23334.65,23336.75,6.263711379306094,23350.763125418256,23319.2095484667,1,23337.15,23336.0,23332.290476190476,UP
2025-04-16 11:59,23335.25,23336.0,23325.4,23327.7,6.627019623554974,23350.581058870663,23319.2095484667,1,23336.22,23334.93571428571,23332.51666666667,UP
2025-04-16 12:00,23326.95,23331.3,23325.0,23330.1,6.6036609647339874,23347.960982894205,23319.2095484667,1,23334.41,23334.792857142857,23332.928571428572,UP
2025-04-16 12:01,23330.2,23334.3,23328.05,23332.85,6.57839935248953,23347.960982894205,23319.2095484667,1,23333.420000000002,23334.864285714288,23333.497619047615,DOWN
2025-04-16 12:02,23332.5,23338.0,23330.2,23338.0,6.665656909693224,23347.960982894205,23319.2095484667,1,23333.079999999998,23334.7,23334.447619047616,DOWN
2025-04-16 12:03,23337.7,23342.65,23335.8,23342.65,6.678824324865817,23347.960982894205,23319.2095484667,1,23334.26,23335.39285714286,23335.25,DOWN
2025-04-16 12:04,23341.65,23344.45,23337.55,23343.4,6.694622644839976,23347.960982894205,23320.91613206548,1,23337.4,23335.921428571426,23335.835714285717,UP
2025-04-16 12:05,23343.45,23343.45,23338.3,23343.0,6.5842920832742005,23347.960982894205,23321.122123750178,1,23339.980000000003,23336.814285714285,23336.26666666667,UP
2025-04-16 12:06,23340.95,23344.45,23337.55,23337.65,6.606842719480531,23347.960982894205,23321.17947184156,1,23340.94,23338.235714285718,23336.378571428573,UP
2025-04-16 12:07,23337.45,23337.45,23332.15,23335.0,6.527782294985122,23347.960982894205,23321.17947184156,1,23340.34,23338.935714285715,23336.23571428571,UP
2025-04-16 12:08,23335.7,23342.6,23334.25,23341.55,6.657941054470288,23347.960982894205,23321.17947184156,1,23340.120000000003,23340.178571428572,23336.495238095238,UP
2025-04-16 12:09,23341.45,23343.5,23339.75,23342.9,6.4502304575675975,23347.960982894205,23322.274308627297,1,23340.02,23340.87857142857,23336.878571428573,UP
2025-04-16 12:10,23343.05,23345.4,23339.65,23342.45,6.400213879687037,23347.960982894205,23323.32435836094,1,23339.91,23340.850000000002,23337.035714285714,UP
2025-04-16 12:11,23342.15,23343.35,23339.2,23342.65,6.239483968841526,23347.960982894205,23323.32435836094,1,23340.91,23340.742857142857,23337.42142857143,UP
2025-04-16 12:12,23342.2,23347.05,23341.55,23347.05,6.1866635791557485,23347.960982894205,23325.74000926253,1,23343.32,23341.321428571428,23338.045238095237,UP
2025-04-16 12:13,23347.3,23349.6,23343.35,23345.7,6.191187617662083,23347.960982894205,23327.90143714701,1,23344.15,23342.471428571425,23338.547619047622,UP
2025-04-16 12:14,23345.35,23346.55,23336.2,23341.2,6.488246159943955,23347.960982894205,23327.90143714701,1,23343.810000000005,23343.35714285714,23339.02857142857,UP
2025-04-16 12:15,23341.1,23341.5,23335.9,23341.1,6.424799903529868,23347.960982894205,23327.90143714701,1,23343.54,23343.292857142857,23339.44523809524,UP
2025-04-16 12:16,23340.15,23342.6,23337.6,23340.4,6.323028329724791,23347.960982894205,23327.90143714701,1,23343.090000000004,23342.935714285715,23339.504761904762,UP
2025-04-16 12:17,23340.35,23347.9,23337.1,23346.95,6.642812464317441,23347.960982894205,23327.90143714701,1,23343.07,23343.57857142857,23339.940476190477,UP
2025-04-16 12:18,23346.85,23348.95,23338.4,23346.35,6.921897647994123,23347.960982894205,23327.90143714701,1,23343.2,23344.10714285714,23340.257142857143,UP
2025-04-16 12:19,23345.9,23346.85,23343.7,23345.45,6.652476064981673,23347.960982894205,23327.90143714701,1,23344.05,23343.878571428573,23340.671428571426,UP
2025-04-16 12:20,23345.5,23346.35,23341.45,23343.25,6.527299064087187,23347.960982894205,23327.90143714701,1,23344.48,23343.528571428575,23341.411904761902,UP
2025-04-16 12:21,23342.3,23346.25,23340.6,23346.15,6.464634780558966,23347.960982894205,23327.90143714701,1,23345.63,23344.235714285714,23342.17619047619,UP
2025-04-16 12:22,23345.8,23348.25,23344.25,23345.6,6.2885892704005375,23347.960982894205,23327.90143714701,1,23345.359999999997,23344.87857142857,23342.783333333333,UP
2025-04-16 12:23,23345.15,23348.65,23344.65,23348.6,6.125118462777058,23347.960982894205,23328.27464461167,1,23345.81,23346.049999999996,23343.2880952381,UP
2025-04-16 12:24,23347.75,23354.25,23346.2,23352.65,6.262610114748202,23369.012830344243,23331.437169655757,1,23347.25,23346.864285714288,23343.764285714286,UP
2025-04-16 12:25,23353.1,23355.3,23350.7,23354.95,6.143852158297507,23369.012830344243,23334.568443525102,1,23349.590000000004,23348.092857142856,23344.314285714285,UP
2025-04-16 12:26,23354.55,23356.0,23349.9,23351.0,6.140719859044696,23369.012830344243,23334.568443525102,1,23350.56,23348.885714285712,23344.695238095235,UP
2025-04-16 12:27,23350.45,23353.55,23349.4,23352.85,5.998525489334544,23369.012830344243,23334.568443525102,1,23352.010000000002,23350.257142857143,23345.41904761905,UP
2025-04-16 12:28,23351.9,23354.5,23350.5,23351.25,5.855773580980221,23369.012830344243,23334.93267925706,1,23352.54,23350.985714285714,23346.192857142858,UP
2025-04-16 12:29,23351.15,23352.3,23345.65,23348.6,5.912504071839947,23366.71251221552,23334.93267925706,1,23351.73,23351.414285714283,23346.52857142857,UP
2025-04-16 12:30,23348.4,23350.1,23346.15,23349.9,5.772325135320065,23365.44197540596,23334.93267925706,1,23350.719999999998,23351.6,23346.861904761907,UP
2025-04-16 12:31,23350.0,23351.9,23347.25,23349.35,5.692159014798952,23365.44197540596,23334.93267925706,1,23350.39,23351.12857142857,23347.190476190477,UP
2025-04-16 12:32,23348.35,23349.25,23341.95,23344.65,5.814147712309359,23363.04244313693,23334.93267925706,1,23348.75,23349.657142857144,23347.285714285714,UP
2025-04-16 12:33,23344.45,23349.6,23342.75,23348.15,5.888137192806384,23363.04244313693,23334.93267925706,1,23348.13,23349.25,23347.338095238094,UP
2025-04-16 12:34,23348.45,23352.7,23346.55,23352.65,5.906841686399963,23363.04244313693,23334.93267925706,1,23348.94,23349.221428571433,23347.66904761905,UP
2025-04-16 12:35,23351.5,23356.2,23350.25,23356.2,5.909924424212928,23363.04244313693,23335.49522672736,1,23350.2,23349.928571428572,23348.383333333335,UP
2025-04-16 12:36,23355.6,23356.8,23349.0,23355.6,6.044929868321831,23363.04244313693,23335.49522672736,1,23351.45,23350.928571428572,23349.07380952381,UP
2025-04-16 12:37,23355.55,23358.55,23352.75,23358.5,6.027434872211571,23363.04244313693,23337.567695383368,1,23354.22,23352.157142857144,23349.935714285715,UP
2025-04-16 12:38,23357.95,23358.05,23351.15,23352.85,6.121903837567218,23363.04244313693,23337.567695383368,1,23355.159999999996,23352.657142857144,23350.216666666667,UP
2025-04-16 12:39,23351.85,23355.4,23350.15,23353.75,6.059624975096379,23363.04244313693,23337.567695383368,1,23355.379999999997,23353.957142857143,23350.569047619047,UP
2025-04-16 12:40,23352.7,23357.2,23351.95,23357.15,6.001794605134267,23363.04244313693,23337.567695383368,1,23355.57,23355.242857142857,23351.126190476192,UP
2025-04-16 12:41,23356.9,23357.95,23351.8,23357.45,6.012380707249007,23363.04244313693,23337.567695383368,1,23355.94,23355.928571428572,23351.802380952384,UP
2025-04-16 12:42,23357.45,23361.55,23354.55,23361.55,6.082924957799882,23363.04244313693,23339.8012251266,1,23356.55,23356.692857142858,23352.535714285714,UP
2025-04-16 12:43,23359.6,23362.05,23356.3,23360.45,6.0591445988650925,23363.04244313693,23340.997566203405,1,23358.07,23357.385714285716,23353.242857142857,UP
2025-04-16 12:44,23359.6,23361.2,23354.3,23357.3,6.119205710218094,23363.04244313693,23340.997566203405,1,23358.780000000002,23357.214285714286,23353.65714285714,UP
2025-04-16 12:45,23357.15,23357.8,23353.1,23356.25,6.017833856108173,23363.04244313693,23340.997566203405,1,23358.6,23357.7,23353.828571428574,UP
2025-04-16 12:46,23355.9,23357.2,23351.6,23353.25,5.987988575842472,23363.04244313693,23340.997566203405,1,23357.760000000002,23357.62857142857,23353.74761904762,UP
2025-04-16 12:47,23353.15,23353.85,23349.2,23351.5,5.892417948921573,23363.04244313693,23340.997566203405,1,23355.75,23356.821428571428,23353.77142857143,UP
2025-04-16 12:48,23351.35,23353.95,23349.1,23352.5,5.817959513609698,23363.04244313693,23340.997566203405,1,23354.16,23356.114285714284,23353.754761904762,UP
2025-04-16 12:49,23352.25,23352.8,23349.1,23350.4,5.666676671608545,23363.04244313693,23340.997566203405,1,23352.78,23354.52142857143,23353.714285714286,DOWN
2025-04-16 12:50,23349.95,23351.0,23346.8,23349.2,5.561914039604245,23363.04244313693,23340.997566203405,1,23351.370000000003,23352.914285714283,23353.742857142857,DOWN
2025-04-16 12:51,23349.15,23352.0,23347.0,23350.05,5.521777318005814,23363.04244313693,23340.997566203405,1,23350.73,23351.87857142857,23353.75,DOWN
2025-04-16 12:52,23349.85,23352.9,23348.95,23351.95,5.409507497930612,23363.04244313693,23340.997566203405,1,23350.82,23351.264285714286,23353.873809523808,DOWN
2025-04-16 12:53,23352.0,23353.5,23347.5,23353.3,5.451685537855511,23363.04244313693,23340.997566203405,1,23350.98,23351.27142857143,23354.285714285714,DOWN
2025-04-16 12:54,23352.95,23354.05,23346.9,23349.95,5.572993724573186,23363.04244313693,23340.997566203405,1,23350.890000000003,23351.05,23354.371428571427,DOWN
2025-04-16 12:55,23349.7,23352.35,23347.3,23351.45,5.535637026858074,23363.04244313693,23340.997566203405,1,23351.34,23350.899999999998,23354.314285714285,DOWN
2025-04-16 12:56,23350.8,23354.1,23347.7,23349.25,5.597377243986801,23363.04244313693,23340.997566203405,1,23351.18,23350.735714285718,23353.98333333333,DOWN
2025-04-16 12:57,23349.15,23350.25,23346.8,23350.2,5.443993144146145,23363.04244313693,23340.997566203405,1,23350.829999999998,23350.87857142857,23353.72619047619,DOWN
2025-04-16 12:58,23349.9,23351.35,23344.15,23346.8,5.569422213619272,23363.04244313693,23340.997566203405,1,23349.530000000002,23350.41428571429,23353.16904761905,DOWN
2025-04-16 12:59,23346.3,23346.7,23340.7,23343.45,5.607320629272271,23360.521961887815,23340.997566203405,1,23348.23,23349.2,23352.72142857143,DOWN
2025-04-16 13:00,23342.95,23346.0,23340.65,23345.0,5.588940583270264,23360.09182174981,23340.997566203405,1,23346.94,23348.014285714286,23352.304761904765,DOWN
2025-04-16 13:01,23344.2,23345.6,23342.2,23345.5,5.43258767614041,23360.09182174981,23340.997566203405,1,23346.19,23347.37857142857,23351.75,DOWN
2025-04-16 13:02,23345.2,23347.35,23342.55,23344.15,5.387402839896399,23360.09182174981,23340.997566203405,1,23344.980000000003,23346.335714285717,23351.11666666667,DOWN
2025-04-16 13:03,23343.4,23344.8,23341.3,23342.7,5.252588345143252,23358.807765035428,23340.997566203405,1,23344.16,23345.399999999998,23350.219047619048,DOWN
2025-04-16 13:04,23343.0,23346.65,23339.7,23345.95,5.373832039944454,23358.807765035428,23340.997566203405,1,23344.66,23344.79285714286,23349.52857142857,DOWN
2025-04-16 13:05,23345.9,23346.5,23338.95,23341.9,5.529272614672802,23358.807765035428,23340.997566203405,1,23344.04,23344.092857142856,23348.795238095237,DOWN
2025-04-16 13:06,23342.45,23342.8,23336.95,23340.85,5.552181714466707,23356.5315451434,23340.997566203405,-1,23343.11,23343.721428571433,23348.061904761904,DOWN
2025-04-16 13:07,23340.1,23341.0,23334.85,23335.7,5.594883022033786,23354.709649066102,23321.140350933896,-1,23341.420000000002,23342.39285714286,23347.22619047619,DOWN
2025-04-16 13:08,23335.6,23341.35,23334.65,23338.65,5.673819951532944,23354.709649066102,23321.140350933896,-1,23340.61,23341.41428571429,23346.614285714288,DOWN
2025-04-16 13:09,23338.7,23338.7,23334.65,23337.25,5.557832808724228,23353.34849842617,23321.140350933896,-1,23338.870000000003,23340.428571428572,23345.888095238097,DOWN
2025-04-16 13:10,23337.3,23337.3,23332.75,23336.55,5.485844748990909,23351.48253424697,23321.140350933896,-1,23337.8,23339.55,23345.22857142857,DOWN
2025-04-16 13:11,23337.1,23339.1,23334.45,23338.95,5.42614155111926,23351.48253424697,23321.140350933896,-1,23337.420000000002,23338.549999999996,23344.74047619048,DOWN
2025-04-16 13:12,23338.3,23340.0,23336.45,23339.75,5.292131437167298,23351.48253424697,23322.348605688498,-1,23338.23,23338.242857142857,23344.25,DOWN
2025-04-16 13:13,23339.75,23353.7,23339.25,23351.95,5.9462649202534905,23351.48253424697,23328.63620523924,1,23340.89,23339.82857142857,23344.250000000004,DOWN
2025-04-16 13:14,23352.05,23357.5,23350.25,23357.3,6.039388856413102,23371.99316656924,23335.75683343076,1,23344.9,23342.91428571429,23344.440476190477,UP
2025-04-16 13:15,23356.95,23358.45,23348.1,23353.4,6.347289658192556,23371.99316656924,23335.75683343076,1,23348.27,23345.02142857143,23344.604761904764,UP
2025-04-16 13:16,23353.35,23354.7,23343.85,23345.5,6.668911831098938,23369.2817354933,23335.75683343076,1,23349.579999999998,23346.200000000004,23344.321428571428,UP
2025-04-16 13:17,23344.5,23346.35,23335.35,23337.75,6.978275276767133,23361.7848258303,23335.75683343076,1,23349.18,23346.37142857143,23343.77380952381,UP
2025-04-16 13:18,23337.75,23337.75,23329.5,23333.75,7.069112758370156,23354.83233827511,23335.75683343076,-1,23345.54,23345.628571428573,23342.990476190476,UP
2025-04-16 13:19,23334.0,23336.05,23328.15,23330.4,7.128461847890282,23353.48538554367,23310.714614456327,-1,23340.16,23344.29285714286,23342.209523809524,DOWN
2025-04-16 13:20,23330.15,23331.55,23320.6,23322.15,7.401428862310504,23348.279286586927,23310.714614456327,-1,23333.909999999996,23340.035714285714,23341.19523809524,DOWN
2025-04-16 13:21,23321.95,23322.65,23316.8,23322.65,7.29061251366256,23341.596837540987,23310.714614456327,-1,23329.34,23335.08571428572,23340.130952380954,DOWN
2025-04-16 13:22,23321.25,23322.65,23317.65,23318.7,7.1269973322778215,23341.530991996835,23310.714614456327,-1,23325.530000000002,23330.12857142857,23338.854761904764,DOWN
2025-04-16 13:23,23318.4,23320.75,23314.6,23317.75,7.057211807816076,23338.846635423448,23310.714614456327,-1,23322.329999999998,23326.164285714283,23337.597619047618,DOWN
2025-04-16 13:24,23317.75,23317.75,23306.0,23310.95,7.392410967646405,23334.05223290294,23310.714614456327,-1,23318.440000000002,23322.335714285717,23336.085714285713,DOWN
2025-04-16 13:25,23310.75,23311.7,23303.7,23306.5,7.435810184633312,23330.007430553906,23310.714614456327,-1,23315.310000000005,23318.442857142858,23334.207142857143,DOWN
2025-04-16 13:26,23309.7,23310.8,23301.9,23306.25,7.540395172318263,23328.97118551695,23283.728814483045,-1,23312.03,23314.992857142857,23332.509523809524,DOWN
2025-04-16 13:27,23305.6,23309.5,23304.15,23306.45,7.383938373082445,23328.97118551695,23284.673184880758,-1,23309.58,23312.75,23330.87142857143,DOWN
2025-04-16 13:28,23306.35,23306.35,23294.75,23296.9,7.692228491510289,23323.62668547453,23284.673184880758,-1,23305.41,23309.071428571428,23329.02380952381,DOWN
2025-04-16 13:29,23296.75,23299.85,23291.55,23297.3,7.735640742406849,23318.90692222722,23284.673184880758,-1,23302.68,23306.014285714286,23327.054761904765,DOWN
2025-04-16 13:30,23298.25,23300.25,23294.0,23299.55,7.6295235458619395,23318.90692222722,23284.673184880758,-1,23301.29,23303.414285714283,23325.259523809524,DOWN
2025-04-16 13:31,23299.05,23300.15,23295.95,23296.45,7.38455757688845,23318.90692222722,23284.673184880758,-1,23299.33,23301.342857142856,23323.35,DOWN
2025-04-16 13:32,23296.55,23296.85,23286.0,23293.25,7.632089179864022,23314.32126753959,23284.673184880758,-1,23296.69,23299.45,23321.17380952381,DOWN
2025-04-16 13:33,23293.3,23294.95,23287.1,23293.25,7.647654238522676,23313.96796271557,23284.673184880758,-1,23295.96,23297.592857142856,23318.959523809524,DOWN
2025-04-16 13:34,23293.0,23293.4,23287.7,23288.75,7.508536077986228,23313.07560823396,23284.673184880758,-1,23294.25,23295.06428571429,23315.949999999997,DOWN
2025-04-16 13:35,23288.05,23296.8,23286.1,23294.25,7.736497787678436,23313.07560823396,23284.673184880758,-1,23293.19,23294.68571428571,23312.94761904762,DOWN
2025-04-16 13:36,23294.2,23302.25,23291.95,23301.35,7.91960508928712,23313.07560823396,23284.673184880758,-1,23294.170000000002,23295.264285714286,23310.469047619048,DOWN
2025-04-16 13:37,23301.35,23305.35,23297.55,23304.75,7.911061868592135,23313.07560823396,23284.673184880758,-1,23296.47,23296.007142857146,23308.528571428575,DOWN
2025-04-16 13:38,23304.05,23304.95,23298.35,23299.55,7.817414591942972,23313.07560823396,23284.673184880758,-1,23297.73,23296.45,23306.709523809524,DOWN
2025-04-16 13:39,23298.75,23301.15,23297.05,23300.3,7.551884977386943,23313.07560823396,23284.673184880758,-1,23300.04,23297.457142857143,23305.11666666667,DOWN
2025-04-16 13:40,23299.6,23302.5,23298.4,23301.75,7.305321763986908,23313.07560823396,23284.673184880758,-1,23301.54,23298.67142857143,23303.75238095238,DOWN
2025-04-16 13:41,23301.15,23306.35,23301.05,23306.35,7.162084494737161,23313.07560823396,23284.673184880758,-1,23302.54,23301.18571428571,23303.0,DOWN
2025-04-16 13:42,23305.65,23308.15,23303.65,23308.1,6.971935601770888,23313.07560823396,23284.98419319469,-1,23303.21,23303.164285714283,23302.307142857142,UP
2025-04-16 13:43,23307.4,23307.9,23301.8,23303.25,6.923940201530659,23313.07560823396,23284.98419319469,-1,23303.95,23303.43571428571,23301.571428571428,UP
2025-04-16 13:44,23302.95,23306.65,23302.05,23306.65,6.757944472484949,23313.07560823396,23284.98419319469,-1,23305.22,23303.70714285714,23301.042857142857,UP
2025-04-16 13:45,23305.65,23307.35,23303.95,23306.25,6.518091295388856,23313.07560823396,23286.09572611384,-1,23306.120000000003,23304.664285714283,23300.819047619047,UP
2025-04-16 13:46,23305.25,23308.05,23303.5,23305.75,6.377513345451567,23313.07560823396,23286.64245996365,-1,23306.0,23305.442857142854,23300.783333333333,UP
2025-04-16 13:47,23305.6,23305.8,23297.75,23301.0,6.496976678129638,23313.07560823396,23286.64245996365,-1,23304.579999999998,23305.33571428571,23300.533333333333,UP
2025-04-16 13:48,23300.5,23302.15,23293.9,23295.6,6.622192629896565,23313.07560823396,23286.64245996365,-1,23303.05,23303.8,23300.016666666666,UP
2025-04-16 13:49,23295.3,23301.15,23294.0,23300.65,6.659893156389875,23313.07560823396,23286.64245996365,-1,23301.85,23302.735714285714,23300.19523809524,UP
2025-04-16 13:50,23300.3,23306.2,23298.75,23300.3,6.71632935958451,23313.07560823396,23286.64245996365,-1,23300.66,23302.31428571429,23300.338095238098,UP
2025-04-16 13:51,23299.7,23305.15,23297.45,23305.15,6.78659154827766,23313.07560823396,23286.64245996365,-1,23300.54,23302.100000000002,23300.60476190476,DOWN
2025-04-16 13:52,23304.25,23311.85,23303.4,23310.3,6.90540643783064,23313.07560823396,23286.908780686503,-1,23302.4,23302.678571428572,23301.26428571429,UP
2025-04-16 13:53,23309.9,23315.2,23308.35,23314.9,6.901448835124139,23313.07560823396,23291.07065349463,1,23306.260000000002,23303.985714285718,23302.295238095237,UP
2025-04-16 13:54,23314.25,23316.55,23312.05,23314.85,6.729916775292603,23334.48975032588,23294.11024967412,1,23309.1,23305.964285714286,23303.32380952381,UP
2025-04-16 13:55,23314.4,23327.7,23313.75,23327.05,7.245637006130896,23334.48975032588,23298.988088981605,1,23314.45,23310.457142857143,23305.14761904762,UP
2025-04-16 13:56,23328.15,23340.6,23328.15,23334.95,7.695948648957088,23334.48975032588,23311.28715405313,1,23320.409999999996,23315.35714285714,23307.085714285713,UP
2025-04-16 13:57,23334.1,23371.15,23333.2,23371.15,9.856952318702511,23381.74585695611,23322.604143043896,1,23332.58,23325.478571428568,23310.40952380952,UP
2025-04-16 13:58,23371.65,23387.5,23365.65,23382.4,10.71359858231986,23381.74585695611,23344.43420425304,1,23346.079999999998,23336.514285714286,23314.10714285714,UP
2025-04-16 13:59,23381.2,23394.25,23375.75,23380.7,11.269770112556648,23418.80931033767,23351.19068966233,1,23359.25,23346.571428571428,23317.97142857143,UP
2025-04-16 14:00,23379.85,23412.8,23379.85,23412.8,12.818357962700436,23418.80931033767,23357.869926111896,1,23376.4,23360.557142857142,23323.328571428574,UP
2025-04-16 14:01,23412.6,23418.75,23410.3,23414.85,12.50633239374147,23418.80931033767,23377.006002818776,1,23392.379999999997,23374.84285714286,23328.714285714286,UP
2025-04-16 14:02,23413.35,23420.4,23407.0,23409.25,12.570165794225598,23418.80931033767,23377.006002818776,1,23400.0,23386.58571428571,23333.614285714284,UP
2025-04-16 14:03,23408.25,23408.5,23398.1,23398.7,12.468725380297869,23418.80931033767,23377.006002818776,1,23403.260000000002,23395.692857142858,23337.928571428572,UP
2025-04-16 14:04,23398.1,23404.75,23395.0,23402.75,12.27453071017957,23418.80931033767,23377.006002818776,1,23407.67,23400.207142857143,23342.666666666668,UP
2025-04-16 14:05,23402.2,23408.5,23398.35,23401.2,12.12277851652502,23418.80931033767,23377.006002818776,1,23405.35,23402.89285714286,23347.16904761905,UP
2025-04-16 14:06,23401.15,23403.65,23394.0,23396.0,11.946151479554391,23418.80931033767,23377.006002818776,1,23401.579999999998,23405.078571428574,23351.442857142858,UP
2025-04-16 14:07,23395.15,23398.8,23391.55,23395.35,11.610712088023469,23418.80931033767,23377.006002818776,1,23398.8,23402.58571428571,23355.70952380952,UP
2025-04-16 14:08,23395.1,23405.4,23393.2,23405.4,11.652804081751764,23418.80931033767,23377.006002818776,1,23400.140000000003,23401.235714285718,23360.680952380953,UP
2025-04-16 14:09,23404.45,23405.95,23398.3,23401.05,11.36688950438527,23418.80931033767,23377.006002818776,1,23399.8,23400.06428571429,23365.70238095238,UP
2025-04-16 14:10,23400.65,23408.65,23399.55,23408.65,11.204968825448905,23418.80931033767,23377.006002818776,1,23401.29,23401.485714285714,23370.845238095237,UP
2025-04-16 14:11,23408.25,23419.3,23406.65,23419.3,11.308185337947382,23418.80931033767,23379.05044398616,1,23405.95,23403.850000000002,23376.511904761905,UP
2025-04-16 14:12,23419.15,23427.65,23418.85,23427.0,11.129029242330446,23456.63708772699,23389.86291227301,1,23412.28,23407.535714285714,23382.31428571429,UP
2025-04-16 14:13,23426.45,23427.6,23423.2,23425.9,10.648384296326292,23456.63708772699,23393.45484711102,1,23416.38,23411.807142857142,23387.819047619047,UP
2025-04-16 14:14,23425.55,23430.5,23423.55,23430.5,10.384213989382994,23456.63708772699,23395.87235803185,1,23422.27,23416.82857142857,23393.323809523812,UP
2025-04-16 14:15,23429.95,23430.45,23420.2,23422.45,10.378198704425683,23456.45959611328,23395.87235803185,1,23425.03,23419.264285714286,23398.447619047616,UP
2025-04-16 14:16,23421.25,23421.25,23415.7,23418.45,10.119041654056357,23448.83212496217,23395.87235803185,1,23424.860000000004,23421.75,23402.8,UP
2025-04-16 14:17,23418.5,23419.9,23415.85,23417.95,9.68553867868418,23446.93161603605,23395.87235803185,1,23423.050000000003,23423.078571428574,23406.75238095238,UP
2025-04-16 14:18,23417.8,23423.5,23416.2,23419.75,9.51514305874795,23446.93161603605,23395.87235803185,1,23421.82,23423.14285714286,23409.06666666667,UP
2025-04-16 14:19,23419.25,23424.8,23418.65,23421.35,9.274775697369144,23446.93161603605,23395.87235803185,1,23419.989999999998,23422.335714285717,23410.921428571426,UP
2025-04-16 14:20,23421.25,23423.8,23418.55,23420.55,8.987291718941751,23446.93161603605,23395.87235803185,1,23419.61,23421.571428571428,23412.819047619047,UP
2025-04-16 14:21,23420.3,23425.4,23418.95,23424.35,8.806056596134562,23446.93161603605,23395.87235803185,1,23420.79,23420.692857142858,23413.369047619046,UP
2025-04-16 14:22,23423.45,23424.45,23416.85,23419.5,8.719909696399482,23446.8097290892,23395.87235803185,1,23421.1,23420.27142857143,23413.59047619048,UP
2025-04-16 14:23,23420.15,23422.3,23415.85,23417.65,8.557773289494042,23444.74831986848,23395.87235803185,1,23420.68,23420.157142857144,23413.99047619048,UP
2025-04-16 14:24,23416.55,23416.55,23405.75,23410.2,8.796503768843092,23437.53951130653,23395.87235803185,1,23418.45,23419.05,23414.538095238095,UP
2025-04-16 14:25,23410.15,23413.0,23405.1,23409.6,8.732467785347655,23435.247403356043,23395.87235803185,1,23416.260000000002,23417.6,23414.864285714288,UP
2025-04-16 14:26,23409.6,23416.65,23408.35,23416.55,8.70157722924858,23435.247403356043,23395.87235803185,1,23414.7,23416.914285714283,23415.595238095237,DOWN
2025-04-16 14:27,23416.2,23419.65,23414.3,23417.1,8.462178855709228,23435.247403356043,23395.87235803185,1,23414.22,23416.42142857143,23416.6,DOWN
2025-04-16 14:28,23416.8,23417.3,23408.3,23410.7,8.500594651733238,23435.247403356043,23395.87235803185,1,23412.829999999998,23414.471428571425,23417.33095238095,DOWN
2025-04-16 14:29,23410.05,23411.7,23405.85,23411.7,8.311266462309044,23433.708799386928,23395.87235803185,1,23413.129999999997,23413.35714285714,23417.630952380954,DOWN
2025-04-16 14:30,23411.2,23415.45,23409.4,23413.1,8.149747429275168,23433.708799386928,23395.87235803185,1,23413.829999999998,23412.707142857143,23418.204761904763,DOWN
2025-04-16 14:31,23412.6,23413.35,23407.85,23409.95,7.960479755742727,23433.708799386928,23395.87235803185,1,23412.510000000002,23412.671428571426,23418.266666666666,DOWN
2025-04-16 14:32,23409.7,23413.0,23406.75,23409.4,7.838302630324869,23433.38990789097,23395.87235803185,1,23410.97,23412.64285714286,23417.795238095237,DOWN
2025-04-16 14:33,23408.55,23411.6,23406.2,23411.6,7.664138156719936,23431.89241447016,23395.87235803185,1,23411.15,23411.93571428571,23417.061904761904,DOWN
2025-04-16 14:34,23410.6,23411.9,23402.2,23403.9,7.809556859819286,23430.47867057946,23395.87235803185,1,23409.59,23410.05,23416.01428571429,DOWN
2025-04-16 14:35,23402.85,23404.05,23397.4,23399.25,7.726731369827879,23423.90519410948,23395.87235803185,1,23406.82,23408.414285714283,23414.526190476194,DOWN
2025-04-16 14:36,23398.25,23403.0,23395.7,23403.0,7.696250557695842,23422.43875167309,23395.87235803185,1,23405.43,23407.171428571426,23413.600000000002,DOWN
2025-04-16 14:37,23402.95,23412.7,23401.35,23412.7,7.957232660729025,23422.43875167309,23395.87235803185,1,23406.09,23407.114285714284,23413.32619047619,DOWN
2025-04-16 14:38,23412.4,23413.25,23406.8,23409.1,7.849573184958388,23422.43875167309,23395.87235803185,1,23405.590000000004,23406.992857142857,23412.904761904763,DOWN
2025-04-16 14:39,23408.95,23411.25,23404.5,23411.25,7.771032243172714,23422.43875167309,23395.87235803185,1,23407.059999999998,23407.257142857146,23412.5,DOWN
2025-04-16 14:40,23410.25,23412.55,23408.25,23412.3,7.523101368651728,23422.43875167309,23395.87235803185,1,23409.67,23407.35714285714,23412.069047619047,DOWN
2025-04-16 14:41,23411.7,23416.2,23409.2,23415.75,7.485736985175402,23422.43875167309,23395.87235803185,1,23412.219999999998,23409.05,23411.84047619048,UP
2025-04-16 14:42,23414.7,23419.2,23412.55,23414.7,7.426041486232621,23422.43875167309,23395.87235803185,1,23412.620000000003,23411.257142857146,23411.380952380954,UP
2025-04-16 14:43,23414.45,23416.55,23408.65,23413.2,7.459895665788217,23422.43875167309,23395.87235803185,1,23413.44,23412.714285714286,23411.08095238095,UP
2025-04-16 14:44,23412.8,23414.65,23409.25,23414.65,7.31276026108537,23422.43875167309,23395.87235803185,1,23414.120000000003,23412.992857142857,23410.938095238096,UP
2025-04-16 14:45,23414.4,23414.95,23408.7,23410.9,7.23684881386317,23422.43875167309,23395.87235803185,1,23413.840000000004,23413.25,23410.97142857143,UP
2025-04-16 14:46,23410.75,23415.35,23409.45,23410.9,7.141359612870665,23422.43875167309,23395.87235803185,1,23412.870000000003,23413.2,23411.033333333333,UP
2025-04-16 14:47,23409.85,23418.4,23409.45,23418.4,7.27054821195405,23422.43875167309,23395.87235803185,1,23413.61,23414.071428571428,23411.121428571427,UP
2025-04-16 14:48,23417.9,23419.45,23416.3,23419.05,6.976223339666082,23422.43875167309,23396.946329981,1,23414.78,23414.54285714286,23411.214285714286,UP
2025-04-16 14:49,23418.75,23420.95,23416.1,23417.55,6.824350243973101,23422.43875167309,23398.051949268083,1,23415.36,23414.95,23411.54047619048,UP
2025-04-16 14:50,23416.9,23425.7,23416.0,23425.7,7.0297537979784686,23422.43875167309,23399.760738606063,1,23418.32,23416.735714285718,23412.207142857143,UP
2025-04-16 14:51,23425.35,23427.45,23421.6,23422.95,6.945485669550298,23445.361457008654,23403.68854299135,1,23420.730000000003,23417.921428571426,23412.67619047619,UP
2025-04-16 14:52,23422.65,23427.5,23421.95,23427.5,6.845808121723804,23445.26242436517,23404.187575634827,1,23422.55,23420.292857142857,23413.511904761905,UP
2025-04-16 14:53,23427.05,23430.8,23421.75,23430.8,7.003250398745564,23445.26242436517,23405.265248803764,1,23424.9,23423.135714285716,23414.530952380952,UP
2025-04-16 14:54,23430.05,23432.2,23425.25,23431.55,6.999446798835171,23445.26242436517,23407.726659603493,1,23427.7,23425.014285714286,23415.480952380953,UP
2025-04-16 14:55,23431.4,23431.4,23420.7,23425.2,7.274486313207121,23445.26242436517,23407.726659603493,1,23427.6,23425.89285714286,23416.495238095238,UP
2025-04-16 14:56,23424.45,23427.75,23422.75,23425.85,7.112023005119178,23445.26242436517,23407.726659603493,1,23428.18,23427.07857142857,23417.761904761905,UP
2025-04-16 14:57,23425.15,23432.8,23425.05,23431.1,7.157592790468256,23445.26242436517,23407.726659603493,1,23428.9,23427.85,23419.1,UP
2025-04-16 14:58,23430.25,23434.05,23427.1,23428.05,7.142764734006154,23445.26242436517,23409.14670579798,1,23428.35,23428.578571428574,23419.83095238095,UP
2025-04-16 14:59,23427.35,23431.6,23425.8,23431.6,7.046852967290563,23445.26242436517,23409.14670579798,1,23428.36,23429.164285714283,23420.902380952382,UP
2025-04-16 15:00,23429.6,23435.1,23427.1,23429.5,7.114934898198916,23445.26242436517,23409.755195305403,1,23429.22,23428.978571428568,23421.77142857143,UP
2025-04-16 15:01,23430.15,23432.9,23425.25,23429.05,7.153153834042234,23445.26242436517,23409.755195305403,1,23429.859999999997,23428.62142857143,23422.569047619047,UP
2025-04-16 15:02,23429.15,23431.25,23427.25,23431.25,6.927928560180545,23445.26242436517,23409.755195305403,1,23429.889999999996,23429.485714285714,23423.307142857142,UP
2025-04-16 15:03,23431.25,23437.3,23431.2,23436.75,6.868790805881458,23445.26242436517,23413.643627582354,1,23431.629999999997,23431.042857142857,23424.35714285714,UP
2025-04-16 15:04,23436.5,23437.55,23434.0,23437.55,6.631734319745628,23445.26242436517,23415.879797040765,1,23432.82,23431.964285714286,23425.516666666666,UP
2025-04-16 15:05,23436.85,23439.15,23434.0,23436.9,6.52589615404904,23445.26242436517,23416.997311537853,1,23434.3,23433.228571428568,23426.576190476193,UP
2025-04-16 15:06,23436.9,23437.05,23433.1,23436.1,6.341903571616088,23445.26242436517,23416.997311537853,1,23435.71,23433.87142857143,23427.77619047619,UP
2025-04-16 15:07,23436.4,23438.0,23434.2,23435.75,6.160339030785464,23445.26242436517,23417.618982907643,1,23436.609999999997,23434.764285714286,23428.95952380952,UP
2025-04-16 15:08,23434.65,23437.45,23434.55,23436.4,5.927457671442736,23445.26242436517,23418.21762698567,1,23436.54,23435.814285714285,23429.81666666667,UP
2025-04-16 15:09,23436.4,23437.8,23432.6,23437.75,5.875496409196668,23445.26242436517,23418.21762698567,1,23436.58,23436.742857142854,23430.707142857143,UP
2025-04-16 15:10,23437.9,23437.9,23431.8,23434.7,5.891532379968551,23445.26242436517,23418.21762698567,1,23436.14,23436.45,23431.52380952381,UP
2025-04-16 15:11,23433.9,23435.55,23426.65,23428.2,6.106422924257104,23445.26242436517,23418.21762698567,1,23434.56,23435.114285714288,23431.64285714286,UP
2025-04-16 15:12,23428.25,23430.65,23425.3,23430.0,6.052392715381577,23445.26242436517,23418.21762698567,1,23433.41,23434.128571428573,23431.97857142857,UP
2025-04-16 15:13,23429.4,23432.0,23427.7,23428.8,5.927221807139608,23445.26242436517,23418.21762698567,1,23431.89,23433.085714285717,23432.040476190476,DOWN
2025-04-16 15:14,23429.0,23429.0,23422.85,23424.55,5.943134535201213,23443.7544036056,23418.21762698567,1,23429.25,23431.485714285714,23431.742857142857,DOWN
2025-04-16 15:15,23424.3,23428.1,23420.85,23426.95,6.036482068401368,23442.5844462052,23418.21762698567,1,23427.7,23430.135714285716,23431.52380952381,DOWN
2025-04-16 15:16,23426.95,23429.15,23425.65,23428.9,5.855304777800835,23442.5844462052,23418.21762698567,1,23427.840000000004,23428.87142857143,23431.7,DOWN
2025-04-16 15:17,23428.95,23433.4,23427.75,23432.75,5.840640150815132,23442.5844462052,23418.21762698567,1,23428.390000000003,23428.592857142856,23432.02857142857,DOWN
2025-04-16 15:18,23433.25,23437.55,23431.0,23436.85,5.891308711471248,23442.5844462052,23418.21762698567,1,23430.0,23429.82857142857,23432.30238095238,DOWN
2025-04-16 15:19,23436.85,23439.3,23435.35,23438.8,5.7526438035088,23442.5844462052,23420.06706858947,1,23432.85,23431.08571428571,23432.81428571429,UP
2025-04-16 15:20,23439.25,23441.75,23437.85,23441.45,5.620312103258038,23442.5844462052,23422.939063690224,1,23435.75,23432.89285714286,23433.283333333333,UP
2025-04-16 15:21,23441.0,23446.15,23440.5,23445.15,5.622432667311142,23442.5844462052,23426.457701998068,1,23439.0,23435.835714285717,23434.02857142857,UP
2025-04-16 15:22,23445.65,23448.15,23443.15,23447.95,5.577973191074563,23462.383919573225,23428.916080426778,1,23442.04,23438.835714285717,23434.928571428572,UP
2025-04-16 15:23,23447.9,23448.8,23444.35,23446.15,5.497403677426316,23462.383919573225,23430.08278896772,1,23443.9,23441.3,23435.638095238097,UP
2025-04-16 15:24,23446.95,23450.8,23444.6,23450.35,5.547589129038841,23462.383919573225,23431.05723261288,1,23446.21,23443.81428571429,23436.285714285714,UP
2025-04-16 15:25,23450.55,23450.95,23445.6,23446.9,5.53347561982192,23462.383919573225,23431.67457314053,1,23447.3,23445.25,23436.730952380953,UP
2025-04-16 15:26,23446.9,23449.7,23445.7,23448.4,5.423941646977371,23462.383919573225,23431.67457314053,1,23447.950000000004,23446.62142857143,23437.27857142857,UP
2025-04-16 15:27,23448.65,23452.05,23446.9,23447.5,5.404374386478811,23462.383919573225,23433.261876840563,1,23447.86,23447.485714285714,23437.821428571428,UP
2025-04-16 15:28,23449.1,23449.45,23441.4,23446.6,5.593347644587603,23462.205042933765,23433.261876840563,1,23447.95,23447.692857142858,23438.338095238098,UP
2025-04-16 15:29,23446.6,23448.2,23427.5,23433.3,6.672394241403817,23457.86718272421,23433.261876840563,1,23444.54,23445.600000000002,23438.190476190477,UP
2025-04-16 15:30,23433.15,23433.15,23433.15,23433.15,6.2065089384458485,23451.76952681534,23433.261876840563,-1,23441.79,23443.742857142857,23437.971428571425,UP
2025-04-16 15:31,23433.15,23437.2,23433.15,23437.2,6.052472585699542,23451.76952681534,23417.017582242905,-1,23439.55,23441.864285714284,23438.090476190475,UP
2025-04-16 15:32,23437.2,23437.2,23437.2,23437.2,5.620153115292115,23451.76952681534,23420.339540654124,-1,23437.489999999998,23440.47857142857,23438.519047619047,DOWN
